department,n_faculty_search,M_i_eligible,division,unit_type,note
African & African American Studies,55,7,Social Sciences,department,
Air Force Reserve Officer Training Corps (ROTC),4,0,Natural Sciences,ROTC program,
Anesthesiology,1,0,,non-Trinity unit,secondary appointments of Trinity faculty
"Anesthesiology, Neuroanesthesia",1,0,,non-Trinity unit,secondary appointments of Trinity faculty
Army Reserve Officer Training Corps (ROTC),5,0,Natural Sciences,ROTC program,
"Art, Art History & Visual Studies",58,11,Humanities,department,
Asian & Middle Eastern Studies,51,14,Humanities,department,
Asian Pacific Studies Institute,7,0,Humanities,affiliated institute/center,not a department
Basic Science Departments,13,0,,non-Trinity unit,secondary appointments of Trinity faculty
Biochemistry,14,0,,non-Trinity unit,secondary appointments of Trinity faculty
Biology,101,40,Natural Sciences,department,
Biomedical Engineering,27,0,,non-Trinity unit,secondary appointments of Trinity faculty
Biostatistics & Bioinformatics,10,0,,non-Trinity unit,secondary appointments of Trinity faculty
"Biostatistics & Bioinformatics, Division of Biostatistics",14,0,,non-Trinity unit,secondary appointments of Trinity faculty
"Biostatistics & Bioinformatics, Division of Integrative Genomics",8,0,,non-Trinity unit,secondary appointments of Trinity faculty
"Biostatistics & Bioinformatics, Division of Translational Biomedical",7,0,,non-Trinity unit,secondary appointments of Trinity faculty
Cell Biology,23,0,,non-Trinity unit,secondary appointments of Trinity faculty
Center for Child and Family Policy,37,0,,non-Trinity unit,secondary appointments of Trinity faculty
Center for Cognitive Neuroscience,19,0,,non-Trinity unit,secondary appointments of Trinity faculty
Center for Documentary Studies,5,0,Humanities,affiliated institute/center,not a department
Center for Population Health & Aging,17,0,Social Sciences,affiliated institute/center,not a department
Center for the Study of Aging and Human Development,6,0,,non-Trinity unit,secondary appointments of Trinity faculty
"Center on Genomics, Race, Identity, Difference",1,0,,non-Trinity unit,secondary appointments of Trinity faculty
Chemistry,59,20,Natural Sciences,department,
Cinematic Arts,15,0,Humanities,specialized program,
Civil and Environmental Engineering,11,0,,non-Trinity unit,secondary appointments of Trinity faculty
Classical Studies,21,11,Humanities,department,
Communication Sciences,1,0,,non-Trinity unit,secondary appointments of Trinity faculty
"Computational Media, Arts & Cultures",10,0,Humanities,specialized program,
Computer Science,94,28,Natural Sciences,department,
Cultural Anthropology,39,12,Social Sciences,department,
DKU Faculty,9,0,,non-Trinity unit,secondary appointments of Trinity faculty
Dance Program,21,0,Humanities,program,
DeWitt Wallace Center for Media and Democracy,1,0,,non-Trinity unit,secondary appointments of Trinity faculty
Divinity School,12,0,,non-Trinity unit,secondary appointments of Trinity faculty
Duke Cancer Institute,45,0,,non-Trinity unit,secondary appointments of Trinity faculty
Duke Center for International Development,20,0,,non-Trinity unit,secondary appointments of Trinity faculty
Duke Center for Teaching and Learning,2,0,,non-Trinity unit,secondary appointments of Trinity faculty
Duke Clinical Research Institute,8,0,,non-Trinity unit,secondary appointments of Trinity faculty
Duke Global Health Institute,37,0,Natural Sciences; Social Sciences,affiliated institute/center,not a department
Duke Institute for Brain Sciences,90,0,Natural Sciences,affiliated institute/center,not a department
Duke Lemur Center,1,0,,non-Trinity unit,secondary appointments of Trinity faculty
Duke Molecular Physiology Institute,1,0,,non-Trinity unit,secondary appointments of Trinity faculty
Duke Network Analysis Center,1,0,Social Sciences,affiliated institute/center,not a department
Duke Population Research Center,38,0,Social Sciences,affiliated institute/center,not a department
Duke Population Research Institute,3,0,Natural Sciences; Social Sciences,affiliated institute/center,not a department
Duke Quantum Center,16,0,,non-Trinity unit,secondary appointments of Trinity faculty
Duke Regeneration Center,7,0,,non-Trinity unit,secondary appointments of Trinity faculty
Duke Science & Society,98,0,,non-Trinity unit,secondary appointments of Trinity faculty
Duke University,31,0,,non-Trinity unit,secondary appointments of Trinity faculty
Duke University Libraries,1,0,,non-Trinity unit,secondary appointments of Trinity faculty
Duke-Margolis Institute for Health Policy,9,0,,non-Trinity unit,secondary appointments of Trinity faculty
Duke-UNC Brain Imaging and Analysis Center,15,0,,non-Trinity unit,secondary appointments of Trinity faculty
Earth and Climate Sciences,9,0,,non-Trinity unit,secondary appointments of Trinity faculty
Economics,115,47,Social Sciences,department,
Education,23,0,Social Sciences,program,Program in Education; Scholars also lists 'Education Program'
Education Program,23,0,Social Sciences,program,duplicate label of Education
Engineering Graduate and Professional Programs,1,0,,non-Trinity unit,secondary appointments of Trinity faculty
English,60,22,Humanities,department,
Environmental Natural Science,9,0,,non-Trinity unit,secondary appointments of Trinity faculty
Environmental Social Systems,9,0,,non-Trinity unit,secondary appointments of Trinity faculty
Evolutionary Anthropology,36,10,Natural Sciences,department,
FOCUS Program,2,0,,non-Trinity unit,secondary appointments of Trinity faculty
Family Medicine and Community Health,5,0,,non-Trinity unit,secondary appointments of Trinity faculty
"Family Medicine and Community Health, Community Health",3,0,,non-Trinity unit,secondary appointments of Trinity faculty
"Family Medicine and Community Health, Family Medicine",1,0,,non-Trinity unit,secondary appointments of Trinity faculty
"Family Medicine and Community Health, Physician Assistant Program",1,0,,non-Trinity unit,secondary appointments of Trinity faculty
Fuqua School of Business,44,0,,non-Trinity unit,secondary appointments of Trinity faculty
"Gender, Sexuality & Feminist Studies",74,7,Social Sciences,department,
German Studies,22,6,Humanities,department,
Graduate School,6,0,,non-Trinity unit,secondary appointments of Trinity faculty
Head and Neck Surgery & Communication Sciences,2,0,,non-Trinity unit,secondary appointments of Trinity faculty
History,77,26,Social Sciences,department,
Information Science + Studies,2,0,Humanities,specialized program,
Innovation & Entrepreneurship,25,0,,non-Trinity unit,secondary appointments of Trinity faculty
Institutes and Centers,5,0,,non-Trinity unit,secondary appointments of Trinity faculty
Integrative Immunobiology,3,0,,non-Trinity unit,secondary appointments of Trinity faculty
Interdisciplinary Studies at DKU Unit,2,0,,non-Trinity unit,secondary appointments of Trinity faculty
International Comparative Studies,27,0,Social Sciences,program,
John Hope Franklin Humanities Institute,21,0,Humanities,affiliated institute/center,not a department
Kenan Institute for Ethics,13,0,Humanities; Social Sciences,affiliated institute/center,not a department
Linguistics,18,0,Social Sciences,program,
Literature,32,15,Humanities,department,listed by Trinity under Departments & Programs
Marine Science and Conservation,18,0,,non-Trinity unit,secondary appointments of Trinity faculty
Markets & Management Studies,7,0,Social Sciences,specialized program,
Master in Interdisciplinary Data Science,1,0,,non-Trinity unit,secondary appointments of Trinity faculty
Masters of Fine Arts in Experimental and Documentary Arts,5,0,Humanities,specialized program,
Mathematics,107,33,Natural Sciences,department,
Medicine,8,0,,non-Trinity unit,secondary appointments of Trinity faculty
"Medicine, Cardiology",4,0,,non-Trinity unit,secondary appointments of Trinity faculty
"Medicine, Endocrinology, Metabolism, and Nutrition",1,0,,non-Trinity unit,secondary appointments of Trinity faculty
"Medicine, Gastroenterology",1,0,,non-Trinity unit,secondary appointments of Trinity faculty
"Medicine, General Internal Medicine",4,0,,non-Trinity unit,secondary appointments of Trinity faculty
"Medicine, Geriatrics and Palliative Care",1,0,,non-Trinity unit,secondary appointments of Trinity faculty
"Medicine, Hospital Medicine",1,0,,non-Trinity unit,secondary appointments of Trinity faculty
"Medicine, Infectious Diseases",1,0,,non-Trinity unit,secondary appointments of Trinity faculty
"Medicine, Medical Genetics",1,0,,non-Trinity unit,secondary appointments of Trinity faculty
"Medicine, Nephrology",1,0,,non-Trinity unit,secondary appointments of Trinity faculty
"Medicine, Rheumatology and Immunology",1,0,,non-Trinity unit,secondary appointments of Trinity faculty
Molecular Genetics and Microbiology,8,0,,non-Trinity unit,secondary appointments of Trinity faculty
Music,67,11,Humanities,department,
Neurobiology,26,0,,non-Trinity unit,secondary appointments of Trinity faculty
Neurology,3,0,,non-Trinity unit,secondary appointments of Trinity faculty
"Neurology, Behavioral Neurology",3,0,,non-Trinity unit,secondary appointments of Trinity faculty
"Neurology, Comprehensive Neurology",1,0,,non-Trinity unit,secondary appointments of Trinity faculty
"Neurology, Epilepsy and Sleep",1,0,,non-Trinity unit,secondary appointments of Trinity faculty
"Neurology, Stroke and Vascular Neurology",2,0,,non-Trinity unit,secondary appointments of Trinity faculty
"Neurology, Translational Brain Sciences",2,0,,non-Trinity unit,secondary appointments of Trinity faculty
Neurosurgery,3,0,,non-Trinity unit,secondary appointments of Trinity faculty
Nicholas School of the Environment,36,0,Natural Sciences,affiliated institute/center,not a department
Obstetrics and Gynecology,1,0,,non-Trinity unit,secondary appointments of Trinity faculty
Ophthalmology,1,0,,non-Trinity unit,secondary appointments of Trinity faculty
"Ophthalmology, Corneal Diseases",1,0,,non-Trinity unit,secondary appointments of Trinity faculty
Orthopaedic Surgery,3,0,,non-Trinity unit,secondary appointments of Trinity faculty
"Orthopaedic Surgery, Occupational Therapy",1,0,,non-Trinity unit,secondary appointments of Trinity faculty
"Orthopaedic Surgery, Physical Therapy",3,0,,non-Trinity unit,secondary appointments of Trinity faculty
Pathology,3,0,,non-Trinity unit,secondary appointments of Trinity faculty
Pediatrics,6,0,,non-Trinity unit,secondary appointments of Trinity faculty
"Pediatrics, Children's Health Discovery Institute",1,0,,non-Trinity unit,secondary appointments of Trinity faculty
"Pediatrics, General Pediatrics and Adolescent Health",2,0,,non-Trinity unit,secondary appointments of Trinity faculty
"Pediatrics, Neonatology",1,0,,non-Trinity unit,secondary appointments of Trinity faculty
Pharmacology & Cancer Biology,7,0,,non-Trinity unit,secondary appointments of Trinity faculty
Philosophy,37,15,Humanities,department,
Physics,84,31,Natural Sciences,department,
Pierre R. Lamond Department of Electrical and Computer Engineering,64,0,,non-Trinity unit,secondary appointments of Trinity faculty
Political Science,61,29,Social Sciences,department,
Population Health Sciences,3,0,,non-Trinity unit,secondary appointments of Trinity faculty
Pratt School of Engineering,22,0,,non-Trinity unit,secondary appointments of Trinity faculty
Psychiatry & Behavioral Sciences,53,0,,non-Trinity unit,secondary appointments of Trinity faculty
"Psychiatry & Behavioral Sciences, Adult Psychiatry & Psychology",6,0,,non-Trinity unit,secondary appointments of Trinity faculty
"Psychiatry & Behavioral Sciences, Behavioral Medicine & Neurosciences",27,0,,non-Trinity unit,secondary appointments of Trinity faculty
"Psychiatry, Child & Family Mental Health & Community Psychiatry",23,0,,non-Trinity unit,secondary appointments of Trinity faculty
Psychology & Neuroscience,132,29,Natural Sciences,department,CROSS-LISTED: Trinity lists it under BOTH Natural and Social Sciences
Radiation Oncology,2,0,,non-Trinity unit,secondary appointments of Trinity faculty
Radiology,8,0,,non-Trinity unit,secondary appointments of Trinity faculty
Religious Studies,33,9,Humanities,department,
Rhodes Information Initiative at Duke,8,0,,non-Trinity unit,secondary appointments of Trinity faculty
Romance Studies,83,18,Humanities,department,
Sanford School of Public Policy,81,0,Social Sciences,affiliated institute/center,not a department
School of Law,21,0,,non-Trinity unit,secondary appointments of Trinity faculty
School of Medicine,4,0,,non-Trinity unit,secondary appointments of Trinity faculty
School of Nursing,6,0,,non-Trinity unit,secondary appointments of Trinity faculty
Slavic & Eurasian Studies,20,3,Humanities,department,
Social Science Research Institute,31,0,Social Sciences,affiliated institute/center,not a department
Sociology,63,20,Social Sciences,department,
Sperling Center for Jewish Studies,4,0,Humanities,affiliated institute/center,not a department
Statistical Science,53,17,Natural Sciences,department,
Surgery,1,0,,non-Trinity unit,secondary appointments of Trinity faculty
"Surgery, Surgical Sciences",1,0,,non-Trinity unit,secondary appointments of Trinity faculty
The Precision Medicine Program,1,0,,non-Trinity unit,secondary appointments of Trinity faculty
Theater Studies,36,4,Humanities,department,
Thomas Lord Department of Mechanical Engineering and Materials Science,26,0,,non-Trinity unit,secondary appointments of Trinity faculty
"Trent Center for Bioethics, Humanities & History of Medicine",9,0,,non-Trinity unit,secondary appointments of Trinity faculty
Trinity College of Arts & Sciences,84,0,,non-Trinity unit,secondary appointments of Trinity faculty
University Initiatives & Academic Support Units,59,0,,non-Trinity unit,secondary appointments of Trinity faculty
University Institutes and Centers,4,0,,non-Trinity unit,secondary appointments of Trinity faculty
Writing and Rhetoric Program,44,0,Humanities,program,Trinity's page lists 'Thompson Writing Program'; assumed the same unit
