name,profile_url,division,dept,rank,title,M_h,n_h,pi,w,sex,pronoun_hint,grant_2026,n_awards_ongoing_2026,n_grants_listed,grant_dates_raw,has_phd,phd_year,years_since_phd,phd_institution,phd_duke,degrees_raw,notes
"Li, Stephanie",https://scholars.duke.edu/person/stephanie.li,Social Sciences,African & African American Studies,Full,Professor of African & African American Studies,7,2,0.2857142857,3.5,1,she/her:9 he/him:0 they/them:0,0,0,0,,1,2005,21,Cornell University,0,"B.A., Stanford University 1998; M.A., Cornell University 2003; M.F.A., Cornell University 2004; Ph.D., Cornell University 2005",
"Royal, Charmaine DM",https://scholars.duke.edu/person/charmaine.royal,Social Sciences,African & African American Studies,Full,Professor of African & African American Studies,7,2,0.2857142857,3.5,1,she/her:5 he/him:0 they/them:0,1,2,13,grant:2025-09-18..2030-08-31; grant:2020-08-26..2027-08-30; grant:2019-09-20..2025-06-30; grant:2021-04-15..2023-09-30; grant:2022-11-30..2023-06-30; grant:2022-04-01..2022-07-31; grant:2019-01-01..2020-12-31; grant:2017-09-01..2020-02-28; grant:2017-09-01..2019-06-30; grant:2017-09-01..2019-04-15; grant:2012-05-10..2016-03-31; grant:2013-07-01..2015-06-30; grant:2009-07-01..2015-06-30,1,1997,29,Howard University,0,"M.S., Howard University 1992; Ph.D., Howard University 1997",
"Lucento, Angelina",https://scholars.duke.edu/person/angelina.lucento,Humanities,"Art, Art History & Visual Studies",Assistant,"Assistant Professor of Art, Art History & Visual Studies",11,3,0.2727272727,3.666666667,1,she/her:0 he/him:0 they/them:0,0,0,0,,1,2014,12,Northwestern University,0,"Ph.D., Northwestern University 2014",
"Dillon, Sheila",https://scholars.duke.edu/person/sheila.dillon,Humanities,"Art, Art History & Visual Studies",Full,"Professor of Art, Art History and Visual Studies",11,3,0.2727272727,3.666666667,1,she/her:4 he/him:0 they/them:0,1,1,1,grant:2026-09-01..2027-06-01,1,1994,32,New York University,0,"B.A., Rutgers University New Brunswick 1987; M.A., New York University 1989; Ph.D., New York University 1994",
"Weisenfeld, Gennifer",https://scholars.duke.edu/person/gennifer.weisenfeld,Humanities,"Art, Art History & Visual Studies",Full,"Professor in the Department of Art, Art History and Visual Studies",11,3,0.2727272727,3.666666667,1,she/her:3 he/him:0 they/them:0,1,1,24,gift:2025-01-01..2026-01-01; gift:2016-01-01..?; gift:2016-01-01..2017-01-01; gift:2012-01-01..2013-01-01; gift:2012-01-01..?; gift:2009-01-01..2010-01-01; gift:2005-01-01..2006-01-01; gift:2004-01-01..2005-01-01; gift:2004-01-01..2005-01-01; gift:2002-01-01..?; gift:2001-01-01..2002-01-01; gift:2001-01-01..2002-01-01; gift:2001-01-01..2002-01-01; gift:2001-01-01..2002-01-01; gift:2000-01-01..2001-01-01; gift:1999-01-01..2000-01-01; gift:1997-01-01..1998-01-01; gift:1995-01-01..?; gift:1995-01-01..1997-01-01; gift:1993-01-01..1995-01-01; gift:1992-06-01..1992-08-01; gift:1991-06-01..1991-08-01; gift:1989-01-01..1994-01-01; gift:1988-01-01..1989-01-01,1,1997,29,Princeton University,0,"B.A., Wesleyan University 1987; M.A., Princeton University 1992; Ph.D., Princeton University 1997","4 award(s) with no end date, treated as start year only"
"Safi, Omid",https://scholars.duke.edu/person/omid.safi,Humanities,Asian & Middle Eastern Studies,Full,Professor in the Department of Asian and Middle Eastern Studies,14,3,0.2142857143,4.666666667,0,she/her:0 he/him:10 they/them:0,0,0,3,grant:2018-02-13..2018-09-01; grant:2017-05-01..2018-09-01; grant:2016-01-01..2018-01-31,1,2000,26,Duke University,1,"Ph.D., Duke University 2000",
"Rojas, Carlos",https://scholars.duke.edu/person/c.rojas,Humanities,Asian & Middle Eastern Studies,Full,Professor of Asian and Middle Eastern Studies,14,3,0.2142857143,4.666666667,0,she/her:0 he/him:1 they/them:0,0,0,0,,1,2000,26,Columbia University,0,"B.A., Cornell University 1995; Ph.D., Columbia University 2000",
"McLarney, Ellen",https://scholars.duke.edu/person/ellenmc,Humanities,Asian & Middle Eastern Studies,Full,Professor of Asian and Middle Eastern Studies,14,3,0.2142857143,4.666666667,1,she/her:0 he/him:2 they/them:3,0,0,11,gift:2021-01-01..2023-01-01; gift:2021-01-01..?; gift:2020-01-01..?; gift:2018-01-01..2018-06-01; gift:2018-01-01..?; gift:2018-01-01..?; gift:2017-01-01..?; gift:2014-01-01..?; gift:2013-09-01..2014-05-01; gift:2013-09-01..2014-05-01; gift:2011-04-01..?,1,2004,22,Columbia University,0,"B.A., Brown University 1992; M.A., Columbia University 1998; Ph.D., Columbia University 2004","7 award(s) with no end date, treated as start year only"
"Roth, V. Louise",https://scholars.duke.edu/person/vlroth,Natural Sciences,Biology,Full,Professor of Biology,40,10,0.25,4,1,she/her:0 he/him:0 they/them:1,1,1,5,grant:2001-05-01..2027-04-30; grant:2023-09-01..2025-08-31; grant:2002-05-15..2004-04-30; grant:1998-02-15..2002-03-31; grant:2000-06-15..2001-05-31,1,1982,44,Yale University,0,"Ph.D., Yale University 1982",
"Baugh, L. Ryan",https://scholars.duke.edu/person/ryan.baugh,Natural Sciences,Biology,Full,Professor of Biology,40,10,0.25,4,0,she/her:0 he/him:0 they/them:0,1,7,19,grant:2026-07-01..2031-06-30; grant:2026-07-01..2031-06-30; grant:2026-07-01..2031-06-30; grant:2025-06-01..2030-05-31; grant:2024-09-01..2027-08-31; grant:2001-05-01..2027-04-30; grant:2021-07-01..2026-06-30; grant:2023-09-01..2025-07-31; grant:2021-09-15..2025-06-30; grant:2019-02-01..2024-08-31; grant:2015-09-18..2024-08-31; grant:2023-06-15..2024-06-14; grant:2017-09-15..2023-08-31; grant:2005-07-01..2021-08-31; grant:1979-09-01..2020-08-31; grant:1975-07-01..2020-08-31; grant:2011-09-01..2017-08-31; grant:2014-07-10..2017-05-31; grant:2009-12-01..2010-12-09,1,2004,22,Harvard University,0,"B.S., University of Georgia 1997; Ph.D., Harvard University 2004",
"Alberts, Susan C.",https://scholars.duke.edu/person/alberts,Natural Sciences,Biology,Full,Professor of Biology,40,10,0.25,4,1,she/her:0 he/him:0 they/them:0,1,5,30,grant:2026-07-01..2031-06-30; grant:2017-08-01..2031-03-31; grant:2026-02-01..2027-12-01; grant:2022-08-15..2027-08-31; grant:2021-09-30..2027-05-31; grant:2020-03-01..2025-03-31; grant:2018-09-01..2024-05-31; grant:2019-10-15..2023-09-30; grant:2017-08-01..2023-05-31; grant:2019-06-01..2022-03-31; grant:2018-09-01..2021-08-31; grant:2009-07-15..2021-07-31; grant:1979-09-01..2020-08-31; grant:2015-07-01..2018-12-31; grant:2015-03-01..2017-06-01; grant:2015-01-01..2016-08-31; grant:2014-09-15..2016-08-31; grant:2015-06-01..2016-05-31; grant:2013-09-15..2015-08-31; grant:2009-09-15..2015-08-31; grant:2009-09-15..2013-08-31; grant:2007-07-01..2009-06-30; grant:2003-08-01..2009-06-30; grant:2001-03-01..2007-02-28; grant:2003-08-15..2006-07-31; grant:2004-05-01..2005-04-30; grant:2000-05-15..2003-04-30; grant:2000-05-15..2003-04-30; grant:2000-05-15..2002-04-30; gift:2021-01-01..?,1,1992,34,The University of Chicago,0,"B.A., Reed College 1983; M.A., University of California, Los Angeles 1987; Ph.D., The University of Chicago 1992","1 award(s) with no end date, treated as start year only"
"Silva, Gustavo M.",https://scholars.duke.edu/person/Gustavo.Monteiro.Silva,Natural Sciences,Biology,Associate,Associate Professor of Biology,40,10,0.25,4,0,she/her:0 he/him:0 they/them:1,1,10,23,grant:2026-07-01..2031-06-30; grant:2026-07-01..2031-06-30; grant:2020-09-01..2030-06-30; grant:2024-08-01..2029-07-31; grant:2025-06-01..2028-05-31; grant:2022-09-15..2027-07-31; grant:2022-07-01..2027-06-30; grant:2021-07-01..2026-06-30; grant:2021-09-01..2026-05-31; grant:2021-06-01..2026-05-31; grant:2022-09-05..2025-08-31; grant:2022-06-01..2025-06-30; grant:2021-11-01..2024-09-01; grant:1997-07-01..2022-06-30; grant:2018-02-15..2022-01-31; grant:1979-09-01..2020-08-31; grant:1975-07-01..2020-08-31; gift:2019-01-01..?; gift:2016-01-01..2018-01-01; gift:2015-01-01..2017-01-01; gift:2013-01-01..2015-01-01; gift:2005-01-01..2010-01-01; gift:2001-01-01..2004-01-01,1,2010,16,University of Sao Paulo (Brazil),0,"B.Sc., University of Sao Paulo (Brazil) 2004; Ph.D., University of Sao Paulo (Brazil) 2010; Associate Research Scientist, New York University, CENTER FOR GENOMICS AND SYSTEMS BIOLOGY, DEPARTMENT OF BIOLOGY 2011 - 2017; Proteomics Facility Manager, New York University 2014 - 2017","1 award(s) with no end date, treated as start year only"
"Gibert, Jean Philippe",https://scholars.duke.edu/person/Jean.Gibert,Natural Sciences,Biology,Associate,Associate Professor of Biology,40,10,0.25,4,0,she/her:0 he/him:0 they/them:0,1,3,4,grant:2024-03-01..2029-02-28; grant:2022-09-01..2027-08-31; grant:2023-04-01..2027-03-31; grant:2019-09-15..2025-09-14,1,2016,10,"University of Nebraska, Lincoln",0,"Ph.D., University of Nebraska, Lincoln 2016",
"Manos, Paul S.",https://scholars.duke.edu/person/pmanos,Natural Sciences,Biology,Full,Professor in the Department of Biology,40,10,0.25,4,0,she/her:0 he/him:0 they/them:0,1,1,18,grant:2021-10-15..2026-09-30; grant:2020-12-15..2025-09-30; grant:2012-06-01..2018-05-31; grant:2012-03-01..2016-02-29; grant:2008-07-15..2010-06-30; grant:2006-06-01..2010-05-31; grant:2005-02-15..2010-01-31; grant:2006-06-15..2008-05-31; grant:2004-03-15..2007-02-28; grant:2003-06-15..2006-05-31; grant:2001-09-01..2005-08-31; grant:2001-07-15..2005-06-30; grant:2004-04-21..2005-04-20; grant:2001-07-01..2004-06-30; grant:2000-06-01..2002-05-31; grant:1999-06-15..2001-11-30; grant:1997-08-01..2001-07-31; grant:1999-06-01..2001-05-31,1,1992,34,Cornell University,0,"B.A., Drew University 1982; M.S., Rutgers University 1986; Ph.D., Cornell University 1992",
"Sherwood, David R.",https://scholars.duke.edu/person/david.sherwood,Natural Sciences,Biology,Full,Professor of Biology,40,10,0.25,4,0,she/her:0 he/him:0 they/them:2,1,11,33,grant:2024-04-01..2032-03-31; grant:2026-07-01..2031-06-30; grant:2026-07-01..2031-06-30; grant:2016-06-01..2031-05-31; grant:2026-09-01..2028-08-31; grant:2025-09-01..2028-08-31; grant:2023-09-19..2028-08-31; grant:2022-09-15..2027-07-31; grant:2001-05-01..2027-04-30; grant:2023-07-01..2026-08-31; grant:2021-07-01..2026-06-30; grant:2023-01-01..2025-12-31; grant:2022-08-16..2025-01-31; grant:2022-03-15..2024-02-29; grant:2020-04-15..2023-03-31; grant:2021-07-01..2022-12-31; grant:2019-02-01..2022-01-31; grant:2019-09-19..2021-09-18; grant:2019-12-10..2020-12-09; grant:1979-09-01..2020-08-31; grant:1975-07-01..2020-08-31; grant:2016-07-01..2019-06-30; grant:2016-12-01..2018-11-30; grant:2016-09-01..2018-08-31; grant:2016-06-01..2018-05-31; grant:2007-04-01..2017-07-31; grant:2012-02-01..2016-11-30; grant:1993-07-01..2016-03-31; grant:2012-12-01..2015-11-30; grant:2015-04-01..2015-10-31; grant:2011-08-17..2014-01-31; grant:2007-09-28..2009-11-27; grant:2005-06-01..2009-05-31,1,1997,29,Duke University,1,"B.A., Wesleyan University 1990; Ph.D., Duke University 1997; Co-Director Embryology Course, Marine Biological Laboratory 2021 - 2022",
"Yoder, Anne Daphne",https://scholars.duke.edu/person/anne.yoder,Natural Sciences,Biology,Full,Professor of Biology,40,10,0.25,4,1,she/her:0 he/him:0 they/them:0,1,3,21,grant:2026-07-01..2031-06-30; grant:2025-03-01..2027-02-28; grant:2022-02-15..2026-07-31; grant:2023-04-28..2023-08-31; grant:2020-09-15..2023-08-31; grant:2022-03-01..2022-11-30; grant:1979-09-01..2020-08-31; grant:2018-07-15..2020-06-30; grant:2015-04-01..2018-12-31; grant:2016-07-01..2018-06-30; grant:2016-09-01..2017-08-31; grant:2014-09-15..2017-08-31; grant:2016-07-01..2017-06-30; grant:2015-03-15..2017-02-28; grant:2015-03-15..2017-02-28; grant:2011-04-01..2016-06-30; grant:2015-06-01..2016-05-31; grant:2014-09-15..2014-10-15; grant:2006-04-01..2011-03-31; grant:2009-01-01..2010-12-31; grant:2005-09-15..2010-08-31,1,1992,34,Duke University,1,"Ph.D., Duke University 1992",
"Johnsen, Sonke",https://scholars.duke.edu/person/sjohnsen,Natural Sciences,Biology,Full,Professor of Biology,40,10,0.25,4,0,she/her:0 he/him:0 they/them:0,1,4,16,grant:2024-12-01..2027-11-30; grant:2022-08-01..2027-07-31; grant:2025-02-06..2027-05-05; grant:2020-09-30..2026-09-29; grant:2018-12-07..2023-06-30; grant:2018-08-01..2022-01-31; grant:2014-09-15..2020-09-14; grant:2017-09-01..2020-08-31; grant:2015-12-01..2016-11-30; grant:2015-01-01..2015-12-31; grant:2009-06-01..2015-09-30; grant:2009-06-01..2013-05-31; grant:2007-07-01..2009-05-31; grant:2005-03-01..2009-02-28; grant:2005-04-27..2006-12-31; grant:2003-01-01..2003-12-31,1,1996,30,"University of North Carolina, Chapel Hill",0,"B.A., Swarthmore College 1988; Ph.D., University of North Carolina, Chapel Hill 1996",
"Carreira-Rosario, Arnaldo",https://scholars.duke.edu/person/Arnaldo.Carreira_Rosario,Natural Sciences,Biology,Assistant,Assistant Professor of Biology,40,10,0.25,4,0,she/her:0 he/him:0 they/them:0,1,6,6,grant:2026-07-01..2031-06-30; grant:2026-07-01..2031-06-30; grant:2024-07-31..2029-06-30; grant:2001-05-01..2027-04-30; grant:2024-04-01..2027-03-31; grant:2021-07-01..2026-06-30,1,2016,10,UT Southwestern Medical School,0,"B.S., University of Puerto Rico 2009; Ph.D., UT Southwestern Medical School 2016",
"Hong, Jiyong",https://scholars.duke.edu/person/jiyong.hong,Natural Sciences,Chemistry,Full,Professor of Chemistry,20,5,0.25,4,0,she/her:0 he/him:0 they/them:1,1,10,27,grant:2025-08-20..2030-06-30; grant:2025-05-01..2030-04-30; grant:2020-09-30..2029-04-30; grant:2024-01-01..2028-11-30; grant:2024-09-01..2027-08-31; grant:2024-08-01..2027-06-30; grant:2024-08-16..2027-05-31; grant:2021-08-01..2027-05-31; grant:2024-09-12..2026-08-31; grant:2020-06-01..2026-04-30; grant:2022-09-01..2024-08-31; grant:2020-04-01..2024-04-30; grant:2019-02-01..2023-01-31; grant:2021-10-22..2022-10-31; grant:2014-08-04..2022-08-31; grant:2020-01-01..2021-12-31; grant:2017-01-01..2020-11-30; grant:1975-07-01..2020-08-31; grant:2015-09-01..2019-08-31; grant:2018-08-15..2019-08-14; grant:2018-07-18..2019-01-31; grant:2016-12-09..2018-11-30; grant:2015-09-30..2018-09-29; grant:2015-08-01..2018-07-31; grant:2015-07-01..2017-06-30; grant:2009-05-15..2011-12-30; grant:2010-08-09..2011-08-08,1,2001,25,The Scripps Research Institute,0,"B.S., Seoul National University (South Korea) 1993; M.S., Seoul National University (South Korea) 1995; Ph.D., The Scripps Research Institute 2001",
"Moreno-Hernandez, Ivan A.",https://scholars.duke.edu/person/ivan.moreno-hernandez,Natural Sciences,Chemistry,Assistant,Assistant Professor of Chemistry,20,5,0.25,4,0,she/her:0 he/him:0 they/them:3,1,3,3,grant:2025-01-01..2029-12-31; grant:2025-08-01..2028-07-31; grant:2025-01-01..2027-08-31,1,2019,7,California Institute of Technology,0,"B.Sc., University of Nebraska, Lincoln 2014; Ph.D., California Institute of Technology 2019; Postdoctoral Scholar, University of California, Berkeley, CHEMISTRY 2019 - 2022",
"Derbyshire, Emily R.",https://scholars.duke.edu/person/emily.derbyshire,Natural Sciences,Chemistry,Full,Professor of Chemistry,20,5,0.25,4,1,she/her:0 he/him:0 they/them:1,0,0,1,gift:2024-01-01..?,1,2008,18,"University of California, Berkeley",0,"B.S., Trinity College 2002; Ph.D., University of California, Berkeley 2008; NIH Postdoctoral Fellow, Harvard Medical School, BIOLOGICAL CHEMISTRY & MOLECULAR PHARMACOLOGY 2009 - 2014","1 award(s) with no end date, treated as start year only"
"Yang, Weitao",https://scholars.duke.edu/person/weitao.yang,Natural Sciences,Chemistry,Full,Professor of Chemistry,20,5,0.25,4,0,she/her:0 he/him:1 they/them:0,1,3,30,grant:2026-07-01..2031-06-30; grant:2025-05-15..2030-02-28; grant:2023-12-05..2026-12-04; grant:2000-07-01..2025-08-31; grant:2022-08-01..2024-07-31; grant:2021-06-01..2024-05-31; grant:2018-08-01..2023-07-31; grant:2019-06-01..2023-05-31; grant:2005-07-01..2021-08-31; grant:2018-08-01..2020-07-31; grant:2018-01-01..2019-12-31; grant:2015-09-01..2018-12-31; grant:2014-08-01..2018-07-31; grant:2006-08-15..2018-06-30; grant:2013-12-01..2016-03-31; grant:1994-07-01..2015-09-30; grant:2011-01-01..2014-12-31; grant:2009-04-01..2014-03-31; grant:2007-08-01..2011-07-31; grant:2005-08-15..2009-07-31; grant:2003-07-01..2007-06-30; grant:2001-07-01..2006-06-30; grant:2001-08-20..2002-07-31; grant:1998-03-15..2002-02-28; grant:1997-03-01..1998-02-28; grant:1995-02-01..1998-01-31; grant:1995-02-01..1997-01-31; grant:1995-02-01..1997-01-31; grant:1993-10-01..1996-09-30; grant:1991-07-01..1993-12-31,1,1986,40,"University of North Carolina, Chapel Hill",0,"B.S., Peking University (China) 1982; Ph.D., University of North Carolina, Chapel Hill 1986",
"Warren,  S.",https://scholars.duke.edu/person/warren.warren,Natural Sciences,Chemistry,Full,Professor of Chemistry,20,5,0.25,4,0,she/her:0 he/him:0 they/them:0,1,5,31,grant:2025-09-01..2029-08-31; grant:2026-08-15..2029-07-31; grant:2026-01-01..2027-12-31; grant:2023-09-01..2026-08-31; grant:2024-01-15..2026-06-30; grant:2020-08-15..2025-07-31; grant:2021-09-01..2024-08-31; grant:1997-07-01..2022-06-30; grant:2017-08-15..2021-07-31; grant:2018-09-15..2021-06-30; grant:2018-08-01..2021-05-31; grant:2003-07-15..2020-06-30; grant:2015-01-13..2020-01-12; grant:2019-02-22..2019-12-31; grant:2018-01-01..2019-12-31; grant:2016-09-01..2019-08-31; grant:2015-09-01..2019-08-31; grant:2013-07-01..2018-06-30; grant:2013-01-02..2017-12-31; grant:2015-09-01..2017-08-31; grant:2013-09-01..2017-08-31; grant:2014-03-01..2017-02-28; grant:2013-09-01..2016-08-31; grant:2010-04-01..2016-01-31; grant:1994-07-01..2015-09-30; grant:2013-04-03..2015-08-10; grant:2005-12-01..2015-04-30; grant:2011-02-15..2015-01-31; grant:2012-05-15..2013-11-14; grant:2010-09-20..2012-08-31; grant:2009-09-30..2012-03-29,1,1980,46,"University of California, Berkeley",0,"M.S., University of California, Berkeley 1979; Ph.D., University of California, Berkeley 1980; Ralph W. Dornte Professor of Chemistry, Princeton University 1982 - 2005",
"Jiménez, Alicia",https://scholars.duke.edu/person/alicia.jimenez,Humanities,Classical Studies,Associate,Associate Professor in Classical Studies,11,3,0.2727272727,3.666666667,1,she/her:14 he/him:0 they/them:2,0,0,11,grant:2023-07-01..2024-06-30; grant:2019-07-01..2021-06-30; grant:2017-09-01..2017-12-31; grant:2016-07-01..2017-07-31; gift:2021-01-01..?; gift:2019-01-01..2021-01-01; gift:2018-01-01..2018-01-01; gift:2018-01-01..2018-01-01; gift:2016-01-01..2016-01-01; gift:2015-01-01..2015-01-01; gift:2015-01-01..2015-01-01,,,,,,,"no education listed; 1 award(s) with no end date, treated as start year only"
"Casias, Cassandra",https://scholars.duke.edu/person/c.casias,Humanities,Classical Studies,Assistant,Assistant Professor of Classical Studies,11,3,0.2727272727,3.666666667,1,she/her:0 he/him:0 they/them:0,1,1,1,grant:2026-07-01..2027-06-30,1,2019,7,Emory University,0,"B.A., Colorado College 2011; M.A., University of Colorado, Boulder 2013; Ph.D., Emory University 2019",
"González, José M.",https://scholars.duke.edu/person/jose.gonzalez,Humanities,Classical Studies,Associate,Associate Professor of Classical Studies,11,3,0.2727272727,3.666666667,0,she/her:0 he/him:1 they/them:5,0,0,0,,1,1995,31,Princeton University,0,"B.S., California Institute of Technology 1989; M.A., Princeton University 1991; Ph.D., Princeton University 1995; M.A., Harvard University 2000; Ph.D., Harvard University 2005",2 PhDs listed; used earliest
"Rossman, Benjamin",https://scholars.duke.edu/person/Benjamin.Rossman,Natural Sciences,Computer Science,Associate,Associate Professor of Computer Science,28,7,0.25,4,0,she/her:0 he/him:0 they/them:0,0,0,3,grant:2023-06-01..2025-05-31; grant:2020-01-01..2021-09-14; gift:2024-01-01..?,1,2010,16,Massachusetts Institute of Technology,0,"Ph.D., Massachusetts Institute of Technology 2010","1 award(s) with no end date, treated as start year only"
"Agarwal, Pankaj K.",https://scholars.duke.edu/person/pankaj,Natural Sciences,Computer Science,Full,Professor of Computer Science,28,7,0.25,4,0,she/her:0 he/him:0 they/them:0,0,0,0,,,,,,,,no education listed
"Yang, Xiaowei",https://scholars.duke.edu/person/xiaowei.yang,Natural Sciences,Computer Science,Full,Professor of Computer Science,28,7,0.25,4,1,she/her:0 he/him:0 they/them:0,1,1,9,grant:2022-10-01..2026-09-30; grant:2019-09-15..2023-12-31; grant:2014-05-01..2018-12-31; grant:2010-08-01..2015-07-31; grant:2010-09-01..2014-08-31; grant:2009-09-15..2014-08-31; grant:2008-12-04..2009-11-30; grant:2008-12-04..2009-10-31; gift:2021-01-01..?,1,2004,22,Massachusetts Institute of Technology,0,"B.S.E., Tsinghua University (China) 1996; Ph.D., Massachusetts Institute of Technology 2004","1 award(s) with no end date, treated as start year only"
"Hartemink, Alexander J.",https://scholars.duke.edu/person/amink,Natural Sciences,Computer Science,Full,Professor of Computer Science,28,7,0.25,4,0,she/her:0 he/him:0 they/them:0,1,4,12,grant:2026-07-01..2031-06-30; grant:2021-06-01..2027-05-31; grant:2026-05-01..2027-04-30; grant:2022-04-05..2026-01-31; grant:2019-05-15..2023-04-30; grant:2005-07-01..2021-08-31; grant:2016-04-01..2021-03-31; grant:2015-01-05..2018-11-30; grant:2005-08-01..2012-07-31; grant:2006-09-25..2010-06-30; grant:2009-06-01..2010-05-31; grant:2004-02-01..2009-01-31,1,2001,25,Massachusetts Institute of Technology,0,"B.S., Duke University 1994; M.Phil., University of Oxford (United Kingdom) 1996; Ph.D., Massachusetts Institute of Technology 2001",
"Dhingra, Bhuwan",https://scholars.duke.edu/person/bhuwan.dhingra,Natural Sciences,Computer Science,Assistant,Assistant Professor of Computer Science,28,7,0.25,4,0,she/her:0 he/him:0 they/them:0,1,5,6,grant:2026-09-01..2029-08-31; grant:2022-09-01..2027-08-31; grant:2025-07-01..2027-06-30; grant:2026-01-01..2026-08-31; grant:2024-07-01..2026-05-20; grant:2024-11-13..2025-12-31,1,2020,6,Carnegie Mellon University,0,"Ph.D., Carnegie Mellon University 2020",
"Calderbank, Robert",https://scholars.duke.edu/person/robert.calderbank,Natural Sciences,Computer Science,Full,Professor of Computer Science,28,7,0.25,4,0,she/her:0 he/him:10 they/them:1,1,6,24,grant:2023-10-01..2029-09-30; grant:2026-07-10..2027-07-09; grant:2024-03-01..2027-02-28; grant:2020-09-23..2026-09-23; grant:2021-09-01..2026-08-31; grant:2023-05-15..2026-05-14; grant:2022-08-01..2025-05-31; grant:2018-09-15..2025-02-28; grant:2021-10-01..2024-09-30; grant:2020-09-01..2024-08-31; grant:2021-07-01..2024-06-30; grant:2019-10-01..2023-09-30; grant:2019-10-01..2023-09-30; grant:2018-09-01..2023-08-31; grant:2017-09-01..2020-08-31; grant:2017-08-01..2020-07-31; grant:2014-10-03..2019-09-30; grant:2018-04-11..2019-04-10; grant:2017-08-01..2018-07-31; grant:2014-08-01..2018-07-31; grant:2013-01-01..2016-09-30; grant:2013-02-15..2016-02-14; grant:2011-09-23..2015-09-25; grant:2011-04-15..2014-10-14,1,1980,46,California Institute of Technology,0,"B.S., University of Warwick (United Kingdom) 1975; M.S., Oxford University (United Kingdom) 1976; Ph.D., California Institute of Technology 1980",
"Munagala, Kamesh",https://scholars.duke.edu/person/kamesh,Natural Sciences,Computer Science,Full,Professor of Computer Science,28,7,0.25,4,0,she/her:0 he/him:0 they/them:0,1,1,14,grant:2024-07-15..2027-06-30; grant:2021-06-15..2025-05-31; grant:2019-10-01..2023-09-30; grant:2019-07-01..2022-06-30; grant:2019-10-23..2021-10-15; grant:2016-09-01..2021-08-31; grant:2014-09-01..2020-08-31; grant:2014-08-01..2020-07-31; grant:2016-04-25..2017-08-31; grant:2013-09-01..2015-08-31; grant:2014-08-01..2015-07-31; grant:2010-08-01..2015-07-31; grant:2010-08-01..2015-07-31; grant:2008-08-01..2015-07-31,1,2003,23,Stanford University,0,"M.S., Stanford University 2002; Ph.D., Stanford University 2003",
"Rogers, Emily",https://scholars.duke.edu/person/emily.rogers,Social Sciences,Cultural Anthropology,Assistant,Assistant Professor of Cultural Anthropology,12,3,0.25,4,1,she/her:0 he/him:0 they/them:0,0,0,0,,,,,,,,no education listed
"Baker, Lee D.",https://scholars.duke.edu/person/ldbaker,Social Sciences,Cultural Anthropology,Full,Professor of Cultural Anthropology,12,3,0.25,4,0,she/her:0 he/him:7 they/them:0,1,4,4,grant:2026-07-01..2027-06-30; grant:2022-09-01..2027-06-30; grant:2025-07-10..2026-06-30; grant:2025-07-01..2026-06-30,1,1994,32,Temple University,0,"B.S., Portland State University 1989; Ph.D., Temple University 1994",
"Canada, Tracie",https://scholars.duke.edu/person/tracie.canada,Social Sciences,Cultural Anthropology,Assistant,Assistant Professor of Cultural Anthropology,12,3,0.25,4,1,she/her:12 he/him:0 they/them:1,1,1,12,grant:2025-07-01..2030-06-30; grant:2025-01-01..2025-12-31; grant:2023-07-01..2025-05-31; gift:2024-01-01..?; gift:2023-01-01..?; gift:2023-01-01..?; gift:2022-01-01..2024-01-01; gift:2017-01-01..?; gift:2017-01-01..?; gift:2016-01-01..?; gift:2015-01-01..2020-01-01; gift:2011-01-01..2013-01-01,1,2020,6,University of Virginia,0,"A.B., Duke University 2012; Ph.D., University of Virginia 2020; Postdoctoral Research Associate, University of Notre Dame 2020 - 2021; Assistant Professor, University of Notre Dame 2021 - 2022","6 award(s) with no end date, treated as start year only"
"Roberts, James W.",https://scholars.duke.edu/person/j.roberts,Social Sciences,Economics,Full,Professor of Economics,47,11,0.2340425532,4.272727273,0,she/her:0 he/him:0 they/them:0,0,0,8,grant:2023-08-01..2025-12-31; grant:2022-01-01..2025-06-30; grant:2023-06-01..2025-05-31; grant:2021-09-01..2024-09-01; grant:2019-09-01..2023-08-31; grant:2016-06-01..2020-05-31; grant:2019-06-03..2019-08-02; grant:2013-09-01..2018-08-31,1,2009,17,Northwestern University,0,"B.A., Davidson College 2004; M.A., Northwestern University 2005; Ph.D., Northwestern University 2009",
"Kehrig, Matthias",https://scholars.duke.edu/person/matthias.kehrig,Social Sciences,Economics,Associate,Associate Professor of Economics,47,11,0.2340425532,4.272727273,0,she/her:0 he/him:4 they/them:1,0,0,1,grant:2018-06-01..2022-05-31,1,2011,15,Northwestern University,0,"Ph.D., Northwestern University 2011",
"Collard-Wexler, Allan",https://scholars.duke.edu/person/allan.collard.wexler,Social Sciences,Economics,Full,Professor of Economics,47,11,0.2340425532,4.272727273,0,she/her:0 he/him:0 they/them:0,0,0,1,grant:2016-09-01..2021-05-31,1,2007,19,Northwestern University,0,"Ph.D., Northwestern University 2007; Assistant Professor, New York University 2006 - 2014",
"Kuran, Timur",https://scholars.duke.edu/person/t.kuran,Social Sciences,Economics,Full,Professor of Economics,47,11,0.2340425532,4.272727273,0,she/her:0 he/him:7 they/them:0,0,0,5,grant:2024-01-01..2024-06-30; grant:2017-01-01..2019-02-28; grant:2015-01-01..2018-06-30; grant:2014-01-01..2014-12-31; grant:2013-06-17..2014-11-30,1,1982,44,Stanford University,0,"M.A., Stanford University 1979; Ph.D., Stanford University 1982",
"Walker, Christopher D",https://scholars.duke.edu/person/Christopher.Walker2,Social Sciences,Economics,Assistant,Assistant Professor of Economics,47,11,0.2340425532,4.272727273,0,she/her:0 he/him:0 they/them:0,0,0,0,,1,2025,1,Harvard University,0,"B.Ec., University of Sydney (Australia) 2019; M.A., Harvard University 2022; Ph.D., Harvard University 2025",
"Castillo Martinez, Laura",https://scholars.duke.edu/person/Laura.Castillo-Martinez,Social Sciences,Economics,Assistant,Assistant Professor of Economics,47,11,0.2340425532,4.272727273,1,she/her:0 he/him:0 they/them:0,0,0,1,grant:2021-08-01..2025-07-31,1,2019,7,London School of Economics (United Kingdom),0,"Ph.D., London School of Economics (United Kingdom) 2019",
"Pilossoph, Laura",https://scholars.duke.edu/person/Laura.Pilossoph,Social Sciences,Economics,Associate,Associate Professor of Economics,47,11,0.2340425532,4.272727273,1,she/her:0 he/him:0 they/them:0,0,0,0,,1,2013,13,The University of Chicago,0,"Ph.D., The University of Chicago 2013",
"Xiao, Pengpeng",https://scholars.duke.edu/person/Pengpeng.Xiao,Social Sciences,Economics,Assistant,Assistant Professor of Economics,47,11,0.2340425532,4.272727273,1,she/her:0 he/him:0 they/them:0,0,0,0,,1,2020,6,Yale University,0,"Ph.D., Yale University 2020",
"Lanteri, Andrea",https://scholars.duke.edu/person/andrea.lanteri,Social Sciences,Economics,Associate,Associate Professor of Economics,47,11,0.2340425532,4.272727273,0,she/her:0 he/him:0 they/them:0,0,0,2,grant:2018-08-15..2022-07-31; grant:2016-08-02..2017-10-28,1,2015,11,London School of Economics (United Kingdom),0,"M.S., London School of Economics (United Kingdom) 2010; Ph.D., London School of Economics (United Kingdom) 2015",
"Bayer, Patrick",https://scholars.duke.edu/person/patrick.bayer,Social Sciences,Economics,Full,Professor of Economics,47,11,0.2340425532,4.272727273,0,she/her:0 he/him:2 they/them:0,1,1,4,grant:2026-06-01..2027-02-28; grant:2017-05-01..2022-04-30; grant:2011-09-15..2014-08-31; grant:2006-08-15..2013-06-30,1,1999,27,Stanford University,0,"B.A., Princeton University 1994; Ph.D., Stanford University 1999",
"Bykhovskaya, Anna",https://scholars.duke.edu/person/Anna.Bykhovskaya,Social Sciences,Economics,Assistant,Assistant Professor of Economics,47,11,0.2340425532,4.272727273,1,she/her:0 he/him:0 they/them:0,0,0,0,,1,2019,7,Yale University,0,"Ph.D., Yale University 2019; Postdoc, University of Wisconsin, Madison 2019 - 2022",
"Nguyen, Marguerite B",https://scholars.duke.edu/person/marguerite.nguyen,Humanities,English,Associate,Associate Professor of English,22,5,0.2272727273,4.4,1,she/her:5 he/him:0 they/them:0,0,0,0,,1,2008,18,"University of California, Berkeley",0,"B.A., Duke University 1997; Ph.D., University of California, Berkeley 2008",
"Torgovnick, Marianna",https://scholars.duke.edu/person/tor,Humanities,English,Full,Professor of English,22,5,0.2272727273,4.4,1,she/her:6 he/him:0 they/them:0,0,0,0,,1,1975,51,Columbia University,0,"B.A., New York University 1970; M.A., Columbia University 1971; Ph.D., Columbia University 1975",
"Stan, Corina M",https://scholars.duke.edu/person/corina.stan,Humanities,English,Associate,Associate Professor of English,22,5,0.2272727273,4.4,1,she/her:10 he/him:0 they/them:0,0,0,0,,1,2010,16,Duke University,1,"Ph.D., Duke University 2010",
"Ferraro, Thomas J.",https://scholars.duke.edu/person/ferraro,Humanities,English,Full,Professor of English,22,5,0.2272727273,4.4,0,she/her:0 he/him:3 they/them:0,0,0,0,,1,1988,38,Yale University,0,"B.A., Amherst College 1979; M.A., Yale University 1983; Ph.D., Yale University 1988",
"Khanna, Ranjana",https://scholars.duke.edu/person/rkhanna,Humanities,English,Full,Professor of English,22,5,0.2272727273,4.4,1,she/her:5 he/him:0 they/them:0,0,0,4,grant:2022-08-01..2024-07-31; grant:2014-07-01..2018-12-31; grant:2009-12-15..2010-12-14; gift:2021-01-01..?,1,1993,33,University of York (United Kingdom),0,"B.A., University of York (United Kingdom) 1988; Ph.D., University of York (United Kingdom) 1993","1 award(s) with no end date, treated as start year only"
"Drea, Christine M.",https://scholars.duke.edu/person/cdrea,Natural Sciences,Evolutionary Anthropology,Full,Professor in the Department of Evolutionary Anthropology,10,2,0.2,5,1,she/her:0 he/him:0 they/them:2,0,0,13,grant:2018-05-15..2025-04-30; grant:2023-03-15..2025-02-28; grant:2020-04-01..2022-03-31; grant:2018-03-01..2019-08-31; grant:2017-07-01..2018-06-30; grant:2016-06-01..2018-05-31; grant:2015-06-01..2017-05-31; grant:2010-10-01..2016-09-30; grant:2010-10-01..2016-09-30; grant:2013-09-15..2015-08-31; grant:2012-09-01..2015-08-31; grant:2007-08-01..2010-07-31; grant:2004-07-15..2007-06-30,1,1991,35,Emory University,0,"B.S., University of Maryland, College Park 1984; M.A., Emory University 1990; Ph.D., Emory University 1991",
"Hare, Brian",https://scholars.duke.edu/person/b.hare,Natural Sciences,Evolutionary Anthropology,Full,Professor of Evolutionary Anthropology,10,2,0.2,5,0,she/her:0 he/him:0 they/them:0,1,2,18,grant:2024-09-18..2027-08-31; grant:2019-02-01..2026-01-31; grant:2022-12-15..2025-12-14; grant:2020-07-23..2025-10-31; grant:2022-07-01..2025-06-30; grant:2020-04-01..2024-09-30; grant:2018-08-01..2021-12-31; grant:2017-12-28..2019-12-31; grant:2013-09-27..2019-08-31; grant:2016-06-01..2019-05-31; grant:2016-01-01..2017-06-30; grant:2014-01-01..2017-03-31; grant:2014-01-01..2016-12-31; grant:2014-09-01..2015-12-31; grant:2012-02-01..2015-01-31; grant:2008-10-01..2014-09-30; grant:2012-01-01..2013-12-31; grant:2010-09-15..2013-08-31,1,2004,22,Harvard University,0,"B.A., Emory University 1998; M.A., Harvard University 2000; Ph.D., Harvard University 2004",
"Lane, Nikki",https://scholars.duke.edu/person/nikki.lane,Social Sciences,"Gender, Sexuality & Feminist Studies",Assistant,"Assistant Professor of Gender, Sexuality & Feminist Studies",7,2,0.2857142857,3.5,1,she/her:0 he/him:0 they/them:0,0,0,0,,1,2015,11,American University,0,"Ph.D., American University 2015",
"Hasso, Frances S.",https://scholars.duke.edu/person/frances.hasso,Social Sciences,"Gender, Sexuality & Feminist Studies",Full,"Professor of Gender, Sexuality & Feminist Studies",7,2,0.2857142857,3.5,1,she/her:0 he/him:0 they/them:0,0,0,0,,1,1997,29,"University of Michigan, Ann Arbor",0,"Ph.D., University of Michigan, Ann Arbor 1997",
"Norberg, Jakob",https://scholars.duke.edu/person/jakob.norberg,Humanities,German Studies,Full,Professor of German Studies,6,2,0.3333333333,3,0,she/her:0 he/him:2 they/them:0,0,0,0,,1,2008,18,Princeton University,0,"Ph.D., Princeton University 2008",
"Gellen, Kata",https://scholars.duke.edu/person/kata.gellen,Humanities,German Studies,Associate,Associate Professor of German Studies,6,2,0.3333333333,3,1,she/her:4 he/him:0 they/them:4,0,0,0,,1,2010,16,Princeton University,0,"Ph.D., Princeton University 2010",
"Martin, John Jeffries",https://scholars.duke.edu/person/john.j.martin,Social Sciences,History,Full,Professor of History,26,6,0.2307692308,4.333333333,0,she/her:0 he/him:10 they/them:0,0,0,0,,1,1982,44,Harvard University,0,"A.B., Harvard University 1975; Ph.D., Harvard University 1982",
"French, John D.",https://scholars.duke.edu/person/jdfrench,Social Sciences,History,Full,Professor of History,26,6,0.2307692308,4.333333333,0,she/her:0 he/him:1 they/them:1,0,0,5,grant:2014-01-13..2014-05-12; grant:2010-09-01..2011-08-31; grant:2007-07-01..2008-06-30; grant:2001-01-01..2001-12-31; grant:1999-07-01..2000-12-31,1,1985,41,Yale University,0,"Ph.D., Yale University 1985",
"Balakrishnan, Sarah",https://scholars.duke.edu/person/Sarah.Balakrishnan,Social Sciences,History,Assistant,Assistant Professor of History,26,6,0.2307692308,4.333333333,1,she/her:13 he/him:0 they/them:0,0,0,4,gift:2022-01-01..2025-01-01; gift:2022-01-01..2022-01-01; gift:2017-01-01..2018-01-01; gift:2016-01-01..2019-01-01,1,2020,6,Harvard University,0,"Ph.D., Harvard University 2020",
"Leroy, Justin",https://scholars.duke.edu/person/justin.leroy,Social Sciences,History,Assistant,Assistant Professor of History,26,6,0.2307692308,4.333333333,0,she/her:0 he/him:0 they/them:0,0,0,0,,1,2014,12,New York University,0,"D.Phil., New York University 2014",degree 'D.Phil.' coded as PhD
"Sigal, Peter",https://scholars.duke.edu/person/peter.sigal,Social Sciences,History,Full,Professor of History,26,6,0.2307692308,4.333333333,0,she/her:0 he/him:6 they/them:0,0,0,0,,1,1995,31,"University of California, Los Angeles",0,"B.A., Bucknell University 1986; M.A., University of California, Los Angeles 1992; Ph.D., University of California, Los Angeles 1995",
"Olcott, Jocelyn",https://scholars.duke.edu/person/olcott,Social Sciences,History,Full,Professor of History,26,6,0.2307692308,4.333333333,1,she/her:5 he/him:0 they/them:1,1,1,7,grant:2024-05-01..2028-02-29; grant:2017-10-01..2018-06-30; grant:2008-06-01..2009-05-30; gift:2023-09-01..2024-04-01; gift:2017-01-01..2018-01-01; gift:2013-01-01..2014-01-01; gift:2009-01-01..2010-01-01,1,2000,26,Yale University,0,"B.A., Princeton University 1992; M.A., Yale University 1996; Ph.D., Yale University 2000",
"Moi, Toril",https://scholars.duke.edu/person/toril,Humanities,Literature,Full,Professor of Literature,15,4,0.2666666667,3.75,1,she/her:7 he/him:0 they/them:0,1,1,7,gift:2026-01-01..?; gift:2016-01-01..2019-01-01; gift:2016-01-01..2017-01-01; gift:2010-01-01..2011-01-01; gift:2007-01-01..2009-01-01; gift:2002-01-01..2002-01-01; gift:2000-01-01..2000-01-01,0,,,,,"Mag. art., University of Bergen (Norway) 1980; Dr. Art., University of Bergen (Norway) 1985","1 award(s) with no end date, treated as start year only"
"Hadjioannou, Markos",https://scholars.duke.edu/person/markos.hadjioannou,Humanities,Literature,Associate,Associate Professor of Literature,15,4,0.2666666667,3.75,0,she/her:0 he/him:0 they/them:2,0,0,0,,1,2009,17,King's College London (United Kingdom),0,"Ph.D., King's College London (United Kingdom) 2009",
"Dainotto, Roberto Maria",https://scholars.duke.edu/person/dainotto,Humanities,Literature,Full,Professor of Literature,15,4,0.2666666667,3.75,0,she/her:0 he/him:4 they/them:0,0,0,0,,1,1995,31,New York University,0,"M.A., New York University 1990; Ph.D., New York University 1995",
"Kronfeld, Maya",https://scholars.duke.edu/person/maya.kronfeld,Humanities,Literature,Assistant,Assistant Professor of Literature,15,4,0.2666666667,3.75,1,she/her:7 he/him:0 they/them:0,0,0,0,,1,2020,6,"University of California, Berkeley",0,"Ph.D., University of California, Berkeley 2020",
"Cheng, Xiuyuan",https://scholars.duke.edu/person/Xiuyuan.Cheng,Natural Sciences,Mathematics,Full,Professor of Mathematics,33,8,0.2424242424,4.125,1,she/her:0 he/him:0 they/them:0,1,4,11,grant:2023-09-01..2028-08-31; grant:2020-09-01..2027-08-31; grant:2021-07-01..2027-06-30; grant:2020-09-01..2026-08-31; grant:2022-01-01..2025-12-31; grant:2020-07-01..2025-06-30; grant:2019-10-01..2023-09-30; grant:2019-09-15..2023-09-14; grant:2019-05-01..2023-01-31; grant:2018-07-01..2022-06-30; grant:2018-07-01..2022-06-30,1,2013,13,Princeton University,0,"Ph.D., Princeton University 2013; Gibbs Assistant Professor, Yale University 2015 - 2017",
"Robles, Colleen M",https://scholars.duke.edu/person/robles,Natural Sciences,Mathematics,Full,Professor of Mathematics,33,8,0.2424242424,4.125,1,she/her:0 he/him:0 they/them:0,1,3,8,grant:2023-10-01..2029-09-30; grant:2026-09-01..2028-08-31; grant:2023-08-01..2027-07-31; grant:2019-09-01..2023-08-31; grant:2016-07-01..2022-06-30; grant:2015-07-01..2017-06-30; grant:2015-07-01..2016-08-31; gift:2022-05-01..2022-07-01,1,2003,23,University of British Columbia (Canada),0,"Ph.D., University of British Columbia (Canada) 2003; Visiting Scholar, University of Utah 2012 - 2013",
"Levine, Adam S.",https://scholars.duke.edu/person/adam.levine,Natural Sciences,Mathematics,Associate,Associate Professor of Mathematics,33,8,0.2424242424,4.125,0,she/her:0 he/him:0 they/them:0,1,1,2,grant:2022-08-15..2026-12-31; grant:2017-07-01..2022-04-30,1,2010,16,Columbia University,0,"A.B., Harvard University 2005; Ph.D., Columbia University 2010; NSF Postdoctoral Fellow / Lecturer, Brandeis University 2010 - 2013; Assistant Professor, Princeton University 2013 - 2017",
"Rabinoff, Joseph D",https://scholars.duke.edu/person/Joseph.Rabinoff,Natural Sciences,Mathematics,Associate,Associate Professor of Mathematics,33,8,0.2424242424,4.125,0,she/her:0 he/him:0 they/them:1,1,1,2,grant:2023-10-01..2029-09-30; grant:2019-07-01..2021-04-30,1,2009,17,Stanford University,0,"Ph.D., Stanford University 2009",
"Saper, Leslie",https://scholars.duke.edu/person/saper,Natural Sciences,Mathematics,Full,Professor of Mathematics,33,8,0.2424242424,4.125,0,she/her:0 he/him:0 they/them:0,1,1,5,grant:2023-10-01..2029-09-30; grant:2005-07-01..2009-06-30; grant:1998-07-01..2001-06-30; grant:1989-06-01..1994-12-31; grant:1990-06-15..1992-09-30,1,1984,42,Princeton University,0,"B.S., Yale University 1979; M.S., Yale University 1979; Ph.D., Princeton University 1984; C.L.E. Moore Instructor, Massachusetts Institute of Technology 1984 - 1986; Visiting Assistant Professor, University of Illinois Chicago 1987 - 1988; Visiting Scholar, Harvard University 1988 - 1989; Member, Korea Institute for Advanced Study (South Korea) 1992 - 1993",
"Ng, Lenhard Lee",https://scholars.duke.edu/person/ng,Natural Sciences,Mathematics,Full,Professor of Mathematics,33,8,0.2424242424,4.125,0,she/her:0 he/him:0 they/them:1,1,1,7,grant:2025-07-01..2028-06-30; grant:2020-09-01..2024-08-31; grant:2017-09-15..2021-08-31; grant:2014-09-01..2018-08-31; grant:2015-07-01..2016-06-30; grant:2009-09-01..2015-08-31; grant:2007-07-01..2010-06-30,1,2001,25,Massachusetts Institute of Technology,0,"Ph.D., Massachusetts Institute of Technology 2001",
"Dasgupta, Samit",https://scholars.duke.edu/person/samit.dasgupta,Natural Sciences,Mathematics,Full,Professor of Mathematics,33,8,0.2424242424,4.125,0,she/her:0 he/him:0 they/them:1,1,2,3,grant:2023-10-01..2029-09-30; grant:2022-07-01..2027-06-30; grant:2019-08-01..2022-07-31,1,2004,22,"University of California, Berkeley",0,"A.B., Harvard University 1999; Ph.D., University of California, Berkeley 2004",
"Kiselev, Alexander A.",https://scholars.duke.edu/person/alexander.kiselev,Natural Sciences,Mathematics,Full,Professor of Mathematics,33,8,0.2424242424,4.125,0,she/her:0 he/him:0 they/them:0,1,5,12,grant:2026-09-01..2031-08-31; grant:2026-08-15..2028-07-31; grant:2021-07-01..2027-06-30; grant:2023-07-01..2026-06-30; grant:2020-07-01..2025-06-30; grant:2020-06-15..2022-08-31; grant:2018-07-01..2022-06-30; gift:2021-07-01..2026-06-01; gift:2020-07-01..2023-06-01; gift:2020-07-01..2022-08-01; gift:2017-07-01..2020-06-01; gift:2014-07-01..2018-06-01,1,1997,29,California Institute of Technology,0,"Ph.D., California Institute of Technology 1997; Professor, Rice University 2014 - 2016; Edgar Odell Lovett Professor of Mathematics, Rice University 2017 - 2017",
"Stoia, Nicholas",https://scholars.duke.edu/person/nicholas.stoia,Humanities,Music,Associate,Associate Professor of Music,11,3,0.2727272727,3.666666667,0,she/her:0 he/him:0 they/them:0,0,0,0,,1,2008,18,City University of New York,0,"D.Phil., City University of New York 2008",degree 'D.Phil.' coded as PhD
"Lindroth, Scott A.",https://scholars.duke.edu/person/scott.lindroth,Humanities,Music,Full,Professor of Music,11,3,0.2727272727,3.666666667,0,she/her:0 he/him:0 they/them:0,0,0,5,grant:2018-05-15..2023-12-31; grant:2016-10-01..2017-01-31; grant:2014-10-01..2015-09-30; gift:2007-01-01..?; gift:2002-01-01..?,0,,,,,"B.M., Eastman School of Music 1980; M.A., Yale University 1989; D.M.A., Yale University 1991; Visiting Assistant Professor of Music, Princeton University 1995 - 1995","2 award(s) with no end date, treated as start year only"
"Meintjes, Louise",https://scholars.duke.edu/person/meintjes,Humanities,Music,Full,Professor of Music,11,3,0.2727272727,3.666666667,1,she/her:0 he/him:0 they/them:1,0,0,2,grant:2021-09-01..2022-08-31; grant:2017-02-01..2018-06-30,1,1997,29,"University of Texas, Austin",0,"B.Mus., University of Stellenbosch (South Africa) 1982; M.Mus., University of Texas, Austin 1988; Ph.D., University of Texas, Austin 1997",
"Brading, Katherine A.",https://scholars.duke.edu/person/katherine.brading,Humanities,Philosophy,Full,Professor of Philosophy,15,4,0.2666666667,3.75,1,she/her:0 he/him:0 they/them:0,0,0,1,grant:2017-07-01..2019-06-30,1,2003,23,University of Oxford (United Kingdom),0,"B.S., King's College London (United Kingdom) 1992; B.A., University of Oxford (United Kingdom) 1996; Ph.D., University of Oxford (United Kingdom) 2003",
"Rosenberg, Alexander",https://scholars.duke.edu/person/alexrose,Humanities,Philosophy,Full,Professor of Philosophy,15,4,0.2666666667,3.75,0,she/her:0 he/him:6 they/them:0,0,0,1,grant:2004-07-01..2008-06-30,1,1971,55,Johns Hopkins University,0,"B.A., City College of New York 1967; Ph.D., Johns Hopkins University 1971",
"Ásta,",https://scholars.duke.edu/person/Asta.Sveinsdottir,Humanities,Philosophy,Full,Professor of Philosophy,15,4,0.2666666667,3.75,1,she/her:1 he/him:0 they/them:1,0,0,0,,1,2004,22,Massachusetts Institute of Technology,0,"Ph.D., Massachusetts Institute of Technology 2004",
"Norman, Wayne John",https://scholars.duke.edu/person/wayne.norman,Humanities,Philosophy,Full,Professor of Philosophy,15,4,0.2666666667,3.75,0,she/her:0 he/him:9 they/them:0,0,0,0,,1,1988,38,University of London (United Kingdom),0,"Ph.D., University of London (United Kingdom) 1988",
"Cetina, Marko",https://scholars.duke.edu/person/Marko.Cetina,Natural Sciences,Physics,Assistant,Assistant Professor of Physics,31,8,0.2580645161,3.875,0,she/her:0 he/him:0 they/them:0,1,6,7,grant:2026-07-01..2030-09-30; grant:2025-08-01..2030-07-31; grant:2023-10-01..2028-09-30; grant:2023-09-01..2028-08-31; grant:2025-09-01..2026-08-31; grant:2021-09-01..2026-08-31; grant:2021-09-01..2024-08-31,1,2011,15,Massachusetts Institute of Technology,0,"B.S., California Institute of Technology 2004; Ph.D., Massachusetts Institute of Technology 2011",
"Walter, Christopher",https://scholars.duke.edu/person/chris.walter,Natural Sciences,Physics,Full,Professor of Physics,31,8,0.2580645161,3.875,0,she/her:0 he/him:0 they/them:0,1,1,6,grant:2013-05-01..2029-03-31; grant:2024-05-20..2024-12-31; grant:2022-01-01..2022-12-31; grant:2009-06-15..2015-09-30; grant:1991-09-30..2013-04-30; grant:1991-09-30..2009-11-30,1,1997,29,California Institute of Technology,0,"B.A., University of California, Santa Cruz 1989; M.S., California Institute of Technology 1991; Ph.D., California Institute of Technology 1997; Visiting Senior Scientist, University of Tokyo (Japan), INSTITUTE FOR PHYSICS AND MATHEMATICS OF THE UNIVERSE 2008 - 2020",
"Scolnic, Daniel M.",https://scholars.duke.edu/person/dscolnic,Natural Sciences,Physics,Full,Professor of Physics,31,8,0.2580645161,3.875,0,she/her:0 he/him:0 they/them:0,1,5,9,grant:2013-05-01..2029-03-31; grant:2023-10-09..2028-10-08; grant:2019-11-05..2027-11-30; grant:2023-08-01..2026-07-31; grant:2021-08-01..2026-07-31; grant:2022-03-01..2025-02-27; grant:2022-09-15..2024-09-14; grant:2021-01-01..2022-10-31; gift:2024-01-01..?,1,2013,13,Johns Hopkins University,0,"B.S., Massachusetts Institute of Technology 2007; Ph.D., Johns Hopkins University 2013","1 award(s) with no end date, treated as start year only"
"Wu, Ying",https://scholars.duke.edu/person/wu,Natural Sciences,Physics,Full,Professor of Physics,31,8,0.2580645161,3.875,0,she/her:0 he/him:2 they/them:1,1,3,14,grant:1997-04-01..2027-05-31; grant:2024-09-30..2026-09-29; grant:2024-06-01..2026-05-31; grant:1997-04-01..2024-02-29; grant:2022-04-01..2023-03-31; grant:2021-10-22..2022-10-21; grant:2020-04-06..2022-09-30; grant:2019-02-19..2019-11-18; grant:1997-04-01..2019-02-28; grant:2015-09-01..2017-11-30; grant:2007-07-01..2013-06-30; grant:2000-09-15..2008-06-30; grant:2004-07-15..2006-01-14; grant:2001-12-01..2003-11-30,1,1995,31,Duke University,1,"B.S., Beijing University (China) 1988; M.A., Duke University 1991; Ph.D., Duke University 1995; Staff Physicist, Lawrence Berkeley National Laboratory 1999 - 2001",
"Chandrasekharan, Shailesh",https://scholars.duke.edu/person/sch,Natural Sciences,Physics,Full,Professor of Physics,31,8,0.2580645161,3.875,0,she/her:0 he/him:8 they/them:0,1,2,6,grant:2024-06-01..2028-09-30; grant:2005-03-15..2027-05-31; grant:2005-08-15..2009-07-31; grant:2001-07-01..2006-06-30; grant:2003-06-01..2005-11-30; grant:1995-11-15..2005-04-14,1,1996,30,Columbia University,0,"B.S., Indian Institute of Technology, Madras (India) 1989; M.A., Columbia University 1992; M.Phil., Columbia University 1994; Ph.D., Columbia University 1996; Visiting Professor, University of Bern (Switzerland) 2002 - 2002; Visiting Professor, Tata Institute for Fundamental Research (India) 2009 - 2009; Visiting Scientist, Indian Institute of Science (India) 2016 - 2016",
"Plesser, M. Ronen",https://scholars.duke.edu/person/plesser,Natural Sciences,Physics,Full,Professor of Physics,31,8,0.2580645161,3.875,0,she/her:0 he/him:0 they/them:2,0,0,7,grant:2015-09-01..2019-08-31; grant:2013-08-15..2019-08-31; grant:2014-09-01..2017-08-31; grant:2012-08-01..2016-07-31; grant:2006-07-01..2011-06-30; grant:2003-06-01..2007-05-31; grant:2000-09-01..2004-08-31,1,1991,35,Harvard University,0,"M.A., Harvard University 1988; Ph.D., Harvard University 1991",
"Liu, Jian-Guo",https://scholars.duke.edu/person/jian-guo.liu,Natural Sciences,Physics,Full,Professor of Physics,31,8,0.2580645161,3.875,0,she/her:0 he/him:0 they/them:0,1,1,5,grant:2021-07-01..2027-06-30; grant:2021-07-01..2025-06-30; grant:2018-07-01..2022-06-30; grant:2015-07-01..2019-06-30; grant:2009-07-01..2012-06-30,1,1990,36,"University of California, Los Angeles",0,"B.S., Fudan University (China) 1982; M.S., Fudan University (China) 1985; Ph.D., University of California, Los Angeles 1990",
"Springer, Roxanne P.",https://scholars.duke.edu/person/rps,Natural Sciences,Physics,Full,Professor of Physics,31,8,0.2580645161,3.875,1,she/her:0 he/him:0 they/them:1,1,1,11,grant:2005-03-15..2027-05-31; grant:1995-11-15..2005-04-14; grant:1998-07-15..1999-09-30; grant:1995-11-15..1998-11-14; grant:1995-11-15..1998-11-14; grant:1995-11-15..1998-11-14; grant:1992-11-15..1995-11-15; grant:1990-08-15..1995-11-14; grant:1990-08-15..1995-11-14; grant:1990-08-15..1995-11-14; gift:2020-01-01..?,1,1990,36,California Institute of Technology,0,"Ph.D., California Institute of Technology 1990","1 award(s) with no end date, treated as start year only"
"Knight, Jack",https://scholars.duke.edu/person/knight,Social Sciences,Political Science,Full,Professor of Political Science,29,7,0.2413793103,4.142857143,0,she/her:0 he/him:8 they/them:1,0,0,0,,1,1989,37,The University of Chicago,0,"B.A., University of North Carolina, Chapel Hill 1974; J.D., University of North Carolina, Chapel Hill 1977; M.A., The University of Chicago 1980; Ph.D., The University of Chicago 1989",
"Anoll, Allison P",https://scholars.duke.edu/person/allison.anoll,Social Sciences,Political Science,Associate,Associate Professor of Political Science,29,7,0.2413793103,4.142857143,1,she/her:3 he/him:0 they/them:1,0,0,0,,1,2016,10,Stanford University,0,"Ph.D., Stanford University 2016",
"Haynie, Kerry L.",https://scholars.duke.edu/person/klhaynie,Social Sciences,Political Science,Full,Professor of Political Science,29,7,0.2413793103,4.142857143,0,she/her:0 he/him:13 they/them:0,0,0,6,grant:2016-09-01..2019-08-31; grant:2015-01-01..2018-12-31; grant:2012-05-10..2016-03-31; grant:2006-06-15..2011-06-30; grant:2006-07-01..2008-06-30; gift:2021-01-01..?,1,1994,32,"University of North Carolina, Chapel Hill",0,"B.A., University of North Carolina, Chapel Hill 1985; Ph.D., University of North Carolina, Chapel Hill 1994","1 award(s) with no end date, treated as start year only"
"Niou, Emerson S.",https://scholars.duke.edu/person/niou,Social Sciences,Political Science,Full,Professor of Political Science,29,7,0.2413793103,4.142857143,0,she/her:0 he/him:2 they/them:0,0,0,13,grant:2014-01-01..2014-12-31; grant:2006-07-01..2007-07-01; grant:2002-06-01..2003-05-31; grant:1997-05-01..1998-04-30; grant:1996-07-01..1997-06-30; grant:1996-07-01..1997-06-30; grant:1993-03-01..1995-08-31; grant:1994-01-01..1994-12-31; grant:1993-09-01..1994-05-31; grant:1992-01-01..1992-12-31; grant:1991-01-01..1991-12-31; grant:1989-03-01..1991-08-31; grant:1989-01-01..1989-12-31,1,1987,39,"University of Texas, Austin",0,"Ph.D., University of Texas, Austin 1987",
"de Marchi, Scott",https://scholars.duke.edu/person/scott.demarchi,Social Sciences,Political Science,Full,Professor of Political Science,29,7,0.2413793103,4.142857143,0,she/her:0 he/him:5 they/them:0,0,0,0,,,,,,,,no education listed
"Garfias, Francisco",https://scholars.duke.edu/person/f.garfias,Social Sciences,Political Science,Associate,Associate Professor of Political Science,29,7,0.2413793103,4.142857143,0,she/her:0 he/him:0 they/them:0,0,0,0,,1,2016,10,Stanford University,0,"Ph.D., Stanford University 2016",
"Leventoglu, Bahar",https://scholars.duke.edu/person/bahar.leventoglu,Social Sciences,Political Science,Associate,Associate Professor of Political Science,29,7,0.2413793103,4.142857143,1,she/her:1 he/him:0 they/them:1,0,0,1,grant:2007-01-31..2008-07-31,1,2001,25,University of Rochester,0,"B.S., Bilkent University (Turkey) 1994; M.A., University of Rochester 1999; Ph.D., University of Rochester 2001",
"Hariri, Ahmad",https://scholars.duke.edu/person/ahmad.hariri,Natural Sciences,Psychology & Neuroscience,Full,Professor of Psychology and Neuroscience,29,7,0.2413793103,4.142857143,0,she/her:0 he/him:0 they/them:0,1,6,16,grant:2024-07-01..2029-06-30; grant:2024-06-01..2029-02-28; grant:2022-08-15..2028-04-30; grant:2022-08-01..2027-05-31; grant:2015-06-15..2027-05-31; grant:2022-06-01..2027-03-31; grant:2020-12-15..2025-11-30; grant:2020-09-01..2022-08-31; grant:2021-06-01..2022-05-31; grant:2018-09-01..2021-07-31; grant:2016-04-01..2017-03-31; grant:2013-05-01..2017-02-28; grant:2014-03-28..2016-03-27; grant:2010-09-30..2014-08-31; grant:2009-09-30..2011-08-31; grant:2005-09-07..2010-05-31,1,2000,26,"University of California, Los Angeles",0,"B.S., University of Maryland, College Park 1994; M.S., University of Maryland, College Park 1997; Ph.D., University of California, Los Angeles 2000",
"Yin, Henry",https://scholars.duke.edu/person/hy43,Natural Sciences,Psychology & Neuroscience,Full,Professor of Psychology and Neuroscience,29,7,0.2413793103,4.142857143,0,she/her:0 he/him:0 they/them:1,1,7,25,grant:2025-05-01..2030-02-28; grant:2024-07-31..2029-06-30; grant:2024-07-01..2029-01-31; grant:2022-04-15..2027-01-31; grant:2017-02-01..2026-11-30; grant:2021-08-15..2026-07-31; grant:2021-05-15..2026-04-30; grant:2022-12-01..2025-05-31; grant:2014-11-19..2025-04-30; grant:2018-09-30..2023-06-30; grant:2019-06-18..2023-04-30; grant:2018-07-15..2023-03-31; grant:2021-08-06..2023-01-12; grant:2017-06-01..2022-02-28; grant:2016-02-01..2020-11-30; grant:2017-12-15..2019-11-30; grant:2018-08-01..2019-02-28; grant:2012-06-01..2018-10-31; grant:1992-07-01..2018-08-31; grant:2013-05-15..2018-01-31; grant:2014-02-01..2017-01-31; grant:2011-09-01..2016-08-31; grant:2005-07-01..2016-02-29; grant:2008-09-30..2013-08-31; grant:2008-09-30..2011-08-31,1,2004,22,"University of California, Los Angeles",0,"Ph.D., University of California, Los Angeles 2004",
"McHenry, Jenna Ann",https://scholars.duke.edu/person/JENNA.MCHENRY,Natural Sciences,Psychology & Neuroscience,Assistant,Assistant Professor of Psychology and Neuroscience,29,7,0.2413793103,4.142857143,1,she/her:0 he/him:0 they/them:1,1,2,14,grant:2024-07-31..2029-06-30; grant:2022-05-01..2027-04-30; grant:2022-05-01..2025-04-30; grant:2021-08-06..2023-01-12; grant:2018-09-01..2022-07-31; grant:2021-06-01..2022-05-31; gift:2020-01-01..2021-01-01; gift:2017-09-01..2021-09-01; gift:2017-08-01..2020-01-01; gift:2016-07-01..2019-07-01; gift:2015-05-01..2019-05-01; gift:2014-06-01..2016-06-01; gift:2013-12-01..2016-12-01; gift:2012-12-01..2013-12-01,1,2013,13,Florida State University,0,"B.S., Florida State University 2007; Ph.D., Florida State University 2013",
"Craig, Maureen Alyson",https://scholars.duke.edu/person/maureen.craig,Natural Sciences,Psychology & Neuroscience,Associate,Associate Professor of Psychology and Neuroscience,29,7,0.2413793103,4.142857143,1,she/her:2 he/him:0 they/them:0,0,0,0,,1,2014,12,Northwestern University,0,"B.A., Purdue University 2008; M.S., Northwestern University 2010; Ph.D., Northwestern University 2014",
"Kushnir, Tamar",https://scholars.duke.edu/person/TAMAR.KUSHNIR,Natural Sciences,Psychology & Neuroscience,Full,Professor of Psychology and Neuroscience,29,7,0.2413793103,4.142857143,1,she/her:0 he/him:0 they/them:0,1,2,5,grant:2024-12-01..2027-11-30; grant:2023-07-01..2025-08-15; grant:2020-11-01..2025-05-31; grant:2021-10-01..2024-11-30; gift:2026-01-01..?,1,2005,21,"University of California, Berkeley",0,"B.A., Barnard College 1996; M.A., University of California, Berkeley 2004; Ph.D., University of California, Berkeley 2005; Assistant/Associate Professor, Cornell University 2008 - 2020; Professor, Cornell University 2020 - 2021","1 award(s) with no end date, treated as start year only"
"Groh, Jennifer M.",https://scholars.duke.edu/person/jennifer.m.groh,Natural Sciences,Psychology & Neuroscience,Full,Professor of Psychology and Neuroscience,29,7,0.2413793103,4.142857143,1,she/her:0 he/him:0 they/them:3,1,9,21,grant:2026-09-11..2031-07-31; grant:2026-09-11..2029-09-10; grant:2024-07-31..2029-06-30; grant:2022-12-01..2027-11-30; grant:2022-07-01..2027-06-30; grant:2002-09-26..2027-04-30; grant:2022-04-01..2027-03-31; grant:2022-04-01..2027-03-31; grant:2022-06-01..2027-02-28; grant:2019-04-01..2025-03-31; grant:2022-09-01..2024-03-31; grant:2022-02-15..2024-01-31; grant:2017-07-01..2023-06-30; grant:2014-12-01..2019-11-30; grant:1992-07-01..2018-08-31; grant:2005-07-01..2016-02-29; grant:2009-10-01..2015-06-30; grant:2006-09-01..2015-06-30; grant:2006-09-01..2011-12-31; grant:2009-08-02..2010-11-30; grant:2006-09-01..2010-01-31,1,1993,33,University of Pennsylvania,0,"M.S., University of Michigan, Ann Arbor 1989; Ph.D., University of Pennsylvania 1993",
"Tomasello, Michael",https://scholars.duke.edu/person/michael.tomasello,Natural Sciences,Psychology & Neuroscience,Full,Professor in the Department of Psychology and Neuroscience,29,7,0.2413793103,4.142857143,0,she/her:0 he/him:0 they/them:0,1,2,5,grant:2024-12-01..2027-11-30; grant:2016-06-01..2027-07-01; grant:2023-07-01..2025-08-15; grant:2022-08-15..2023-06-30; grant:2016-06-01..2017-12-31,1,1980,46,University of Georgia,0,"B.A., Duke University 1972; Ph.D., University of Georgia 1980",
"Hassan, Mona",https://scholars.duke.edu/person/mona.hassan,Humanities,Religious Studies,Associate,Associate Professor of Religious Studies,9,2,0.2222222222,4.5,1,she/her:5 he/him:0 they/them:0,0,0,2,gift:2021-01-01..?; gift:2021-01-01..?,1,2009,17,Princeton University,0,"Ph.D., Princeton University 2009","2 award(s) with no end date, treated as start year only"
"Sun, Anna",https://scholars.duke.edu/person/Anna.Sun,Humanities,Religious Studies,Associate,Associate Professor of Religious Studies,9,2,0.2222222222,4.5,1,she/her:6 he/him:0 they/them:0,0,0,0,,1,2008,18,Princeton University,0,"M.A., Princeton University 2001; Ph.D., Princeton University 2008",
"Quesada, Sarah",https://scholars.duke.edu/person/Sarah.Quesada,Humanities,Romance Studies,Associate,Associate Professor of Romance Studies,18,4,0.2222222222,4.5,1,she/her:12 he/him:0 they/them:0,1,1,7,gift:2026-08-01..2028-08-01; gift:2024-01-01..2025-01-01; gift:2018-01-01..2018-01-01; gift:2016-01-01..2017-01-01; gift:2015-01-01..2016-01-01; gift:2015-01-01..2015-01-01; gift:2012-01-01..2012-01-01,1,2016,10,Stanford University,0,"Ph.D., Stanford University 2016; Assistant Professor of English, University of Notre Dame 2017 - 2021",
"Rodríguez García, José María",https://scholars.duke.edu/person/jose.rodriguez-garcia,Humanities,Romance Studies,Associate,Associate Professor of Romance Studies,18,4,0.2222222222,4.5,0,she/her:0 he/him:0 they/them:0,0,0,0,,,,,,,,no education listed
"Vilches, Elvira L",https://scholars.duke.edu/person/elvira.vilches,Humanities,Romance Studies,Associate,Associate Professor of Romance Studies,18,4,0.2222222222,4.5,1,she/her:0 he/him:0 they/them:0,0,0,5,gift:2013-01-01..2014-01-01; gift:2013-01-01..2014-01-01; gift:2003-01-01..?; gift:2002-01-01..2003-01-01; gift:2001-01-01..2002-01-01,1,1998,28,Cornell University,0,"Ph.D., Cornell University 1998","1 award(s) with no end date, treated as start year only"
"Driscoll, Kate",https://scholars.duke.edu/person/kate.driscoll,Humanities,Romance Studies,Assistant,Assistant Professor of Romance Studies,18,4,0.2222222222,4.5,1,she/her:12 he/him:0 they/them:0,0,0,11,gift:2025-01-01..?; gift:2025-01-01..?; gift:2024-01-01..2025-01-01; gift:2022-01-01..?; gift:2022-01-01..?; gift:2020-01-01..?; gift:2020-01-01..?; gift:2020-01-01..?; gift:2019-01-01..?; gift:2018-01-01..?; gift:2018-01-01..?,1,2020,6,"University of California, Berkeley",0,"B.Mus., New York University 2011; M.A., New York University 2013; Ph.D., University of California, Berkeley 2020","10 award(s) with no end date, treated as start year only"
"Flaherty, Jennifer",https://scholars.duke.edu/person/jennifer.flaherty,Humanities,Slavic & Eurasian Studies,Assistant,Assistant Professor of Slavic & Eurasian Studies,3,2,0.6666666667,1.5,1,she/her:0 he/him:0 they/them:0,0,0,0,,1,2019,7,"University of California, Berkeley",0,"Ph.D., University of California, Berkeley 2019; Postdoctoral Fellow, New York University 2020 - 2021; Postdoctoral Researcher, University of Bologna (Italy) 2021 - 2023",
"Andrews, Edna",https://scholars.duke.edu/person/eda,Humanities,Slavic & Eurasian Studies,Full,Professor of Slavic Languages and Literature,3,2,0.6666666667,1.5,1,she/her:5 he/him:0 they/them:0,1,2,26,grant:2025-10-01..2029-09-30; grant:2022-08-15..2026-08-14; grant:2017-10-01..2023-12-31; grant:2018-08-15..2023-08-14; grant:2014-08-15..2019-08-14; grant:2015-08-01..2017-09-30; grant:2010-08-15..2015-08-14; grant:2010-08-15..2014-08-14; grant:2006-08-15..2011-06-30; grant:2006-08-15..2010-08-14; grant:2006-08-15..2007-08-14; grant:2002-08-31..2007-08-14; grant:2003-08-15..2007-05-30; grant:2003-08-15..2006-08-14; grant:2000-08-15..2003-08-14; grant:1999-09-01..2003-05-31; grant:1997-08-15..2000-08-15; grant:1998-08-15..2000-08-14; grant:1997-08-15..2000-08-14; grant:1994-08-15..1997-08-14; grant:1994-08-15..1997-08-14; grant:1994-08-15..1995-08-14; grant:1989-10-20..1990-10-19; grant:1986-11-14..1987-11-13; gift:2022-01-01..?; gift:2020-01-01..?,1,1984,42,Indiana University at Bloomington,0,"Ph.D., Indiana University at Bloomington 1984","2 award(s) with no end date, treated as start year only"
"Streib, Jessi",https://scholars.duke.edu/person/jessi.streib,Social Sciences,Sociology,Full,Professor of Sociology,20,5,0.25,4,1,she/her:2 he/him:0 they/them:1,1,1,2,grant:2024-08-01..2026-07-31; grant:2014-11-01..2018-12-31,1,2013,13,"University of Michigan, Ann Arbor",0,"Ph.D., University of Michigan, Ann Arbor 2013",
"Harris, Angel Luis",https://scholars.duke.edu/person/angel.harris,Social Sciences,Sociology,Full,Professor in the Department of Sociology,20,5,0.25,4,0,she/her:0 he/him:0 they/them:0,0,0,4,grant:2014-10-01..2019-09-30; grant:2017-01-01..2019-01-31; grant:2018-01-01..2018-12-31; grant:2014-12-20..2017-12-31,1,2005,21,"University of Michigan, Ann Arbor",0,"Ph.D., University of Michigan, Ann Arbor 2005",
"Bail, Christopher Andrew",https://scholars.duke.edu/person/christopher.bail,Social Sciences,Sociology,Full,Professor of Sociology,20,5,0.25,4,0,she/her:0 he/him:11 they/them:0,1,4,16,grant:2026-09-01..2036-08-31; grant:2022-08-01..2028-12-31; grant:2025-09-01..2028-08-31; grant:2019-01-01..2027-08-31; grant:2024-01-31..2025-07-31; grant:2024-09-30..2025-03-06; grant:2023-12-01..2024-11-30; grant:2023-07-03..2023-08-31; grant:2021-01-01..2022-12-31; grant:2020-01-01..2022-12-31; grant:2018-05-01..2021-04-30; grant:2019-09-01..2021-01-31; grant:2018-05-01..2019-12-31; grant:2018-04-01..2019-05-31; grant:2017-08-01..2018-07-31; grant:2015-06-29..2016-09-30,1,2011,15,Harvard University,0,"Ph.D., Harvard University 2011",
"Keister, Lisa A.",https://scholars.duke.edu/person/lkeister,Social Sciences,Sociology,Full,Professor of Sociology,20,5,0.25,4,1,she/her:2 he/him:0 they/them:0,1,1,11,grant:2015-07-02..2026-05-31; grant:2022-08-03..2025-07-31; grant:2021-09-17..2024-08-31; grant:2020-06-15..2023-04-30; grant:2016-07-22..2019-06-30; grant:2016-06-01..2019-05-31; grant:2017-07-01..2018-06-30; grant:2013-09-15..2017-08-31; grant:2009-03-01..2012-02-28; grant:2006-07-01..2008-08-31; grant:2006-06-30..2008-05-31,1,1997,29,Cornell University,0,"M.A., University of Oklahoma 1991; M.A., Cornell University 1995; Ph.D., Cornell University 1997",
"Rawlings, Craig Michael",https://scholars.duke.edu/person/craig.rawlings,Social Sciences,Sociology,Associate,Associate Professor of Sociology,20,5,0.25,4,0,she/her:0 he/him:0 they/them:0,0,0,1,grant:2023-07-01..2025-08-15,1,2008,18,"University of California, Santa Barbara",0,"D.Phil., University of California, Santa Barbara 2008",degree 'D.Phil.' coded as PhD
"Li, Fan",https://scholars.duke.edu/person/fli,Natural Sciences,Statistical Science,Full,Professor of Statistical Science,17,4,0.2352941176,4.25,1,she/her:0 he/him:0 they/them:0,1,6,18,grant:2026-07-01..2031-06-30; grant:2024-09-01..2029-05-31; grant:2021-09-01..2027-08-31; grant:2025-07-01..2027-06-30; grant:2025-04-01..2026-09-30; grant:2023-09-01..2026-08-31; grant:2018-09-01..2024-05-31; grant:2017-09-25..2024-05-31; grant:2020-01-01..2024-01-31; grant:2018-09-01..2023-09-30; grant:2017-08-01..2023-05-31; grant:2017-08-01..2022-12-31; grant:2019-09-01..2022-09-30; grant:2014-09-01..2017-08-31; grant:2011-10-01..2016-09-30; grant:2012-09-01..2015-08-31; grant:2012-05-15..2015-04-30; gift:2023-01-01..2024-01-01,1,2006,20,Johns Hopkins University,0,"B.S., Peking University (China) 2001; Ph.D., Johns Hopkins University 2006",
"Volfovsky, Alexander",https://scholars.duke.edu/person/alexander.volfovsky,Natural Sciences,Statistical Science,Associate,Associate Professor of Statistical Science,17,4,0.2352941176,4.25,0,she/her:0 he/him:0 they/them:2,1,8,19,grant:2026-09-01..2036-08-31; grant:2022-08-01..2028-12-31; grant:2023-12-01..2028-11-30; grant:2022-09-01..2027-08-31; grant:2021-06-01..2027-05-31; grant:2024-06-01..2027-04-30; grant:2020-07-15..2026-09-30; grant:2022-07-01..2026-06-30; grant:2022-08-01..2025-08-31; grant:2024-06-01..2025-05-09; grant:2024-09-30..2025-03-06; grant:2019-10-01..2023-09-30; grant:2018-07-20..2022-11-19; grant:2019-06-15..2022-10-31; grant:2020-05-01..2022-04-30; grant:2017-09-21..2021-06-30; grant:2019-01-17..2019-12-31; grant:2018-07-06..2019-07-05; grant:2018-05-15..2019-04-30,1,2013,13,University of Washington,0,"M.S., The University of Chicago 2009; B.Sc. (hons), The University of Chicago 2009; Ph.D., University of Washington 2013",
"Schmidler, Scott C.",https://scholars.duke.edu/person/scott.schmidler,Natural Sciences,Statistical Science,Associate,Associate Professor of Statistical Science,17,4,0.2352941176,4.25,0,she/her:0 he/him:0 they/them:0,1,4,13,grant:2026-07-01..2031-06-30; grant:2026-05-22..2031-04-30; grant:2024-06-01..2027-05-31; grant:2025-07-01..2026-12-31; grant:2023-01-25..2025-06-30; grant:2017-09-18..2022-07-31; grant:2005-07-01..2021-08-31; grant:2011-08-01..2018-07-31; grant:2014-07-15..2017-12-31; grant:1994-07-01..2015-09-30; grant:2008-12-01..2013-11-30; grant:2006-09-01..2007-08-31; grant:2002-08-01..2005-07-31,1,2002,24,Stanford University,0,"B.A., University of California, Berkeley 1995; Ph.D., Stanford University 2002",
"Reiter, Jerome P.",https://scholars.duke.edu/person/jerry,Natural Sciences,Statistical Science,Full,Professor of Statistical Science,17,4,0.2352941176,4.25,0,she/her:0 he/him:0 they/them:0,0,0,12,grant:2023-05-01..2025-09-26; grant:2022-08-15..2025-07-31; grant:2018-09-01..2023-09-30; grant:2023-01-09..2023-09-22; grant:2017-09-01..2020-08-31; grant:2015-01-01..2018-12-31; grant:2016-01-01..2017-06-30; grant:2011-10-01..2016-09-30; grant:2010-07-15..2016-06-30; grant:2011-06-01..2014-05-31; grant:2009-03-01..2012-01-31; grant:2008-06-01..2011-05-31,1,1999,27,Harvard University,0,"B.S., Duke University 1992; Ph.D., Harvard University 1999",
"Donovan, Ryan M",https://scholars.duke.edu/person/Ryan.Donovan,Humanities,Theater Studies,Assistant,Assistant Professor of Theater Studies,4,2,0.5,2,0,she/her:0 he/him:4 they/them:0,0,0,0,,1,2019,7,City University of New York,0,"Ph.D., City University of New York 2019",
"Gobert, R. Darren",https://scholars.duke.edu/person/Robert.Gobert,Humanities,Theater Studies,Full,Professor of Theater Studies,4,2,0.5,2,0,she/her:0 he/him:3 they/them:0,0,0,5,grant:2025-01-01..2025-12-31; grant:2024-01-01..2024-12-31; grant:2023-01-01..2023-12-31; gift:2017-01-01..2020-01-01; gift:2016-01-01..2016-03-01,1,2003,23,Columbia University,0,"Ph.D., Columbia University 2003",