dept,division,name,rank,title,profile_url
"Art, Art History & Visual Studies",Humanities,"Abe, Stanley",Full,Professor of Art and Art History,https://scholars.duke.edu/person/stanley.abe
"Art, Art History & Visual Studies",Humanities,"Dillon, Sheila",Full,"Professor of Art, Art History and Visual Studies",https://scholars.duke.edu/person/sheila.dillon
"Art, Art History & Visual Studies",Humanities,"Galletti, Sara",Associate,"Associate Professor in the Department of Art, Art History & Visual Studies",https://scholars.duke.edu/person/sara.galletti
"Art, Art History & Visual Studies",Humanities,"Griebeler, Andrew",Assistant,"Assistant Professor of Art, Art History & Visual Studies",https://scholars.duke.edu/person/andrew.griebeler
"Art, Art History & Visual Studies",Humanities,"Jaskot, Paul B.",Full,"Professor of Art, Art History & Visual Studies",https://scholars.duke.edu/person/Paul.Jaskot
"Art, Art History & Visual Studies",Humanities,"Lucento, Angelina",Assistant,"Assistant Professor of Art, Art History & Visual Studies",https://scholars.duke.edu/person/angelina.lucento
"Art, Art History & Visual Studies",Humanities,"Powell, Richard J.",Full,"Professor of Art, Art History and Visual Studies",https://scholars.duke.edu/person/richard.powell
"Art, Art History & Visual Studies",Humanities,"Schwerda, Mira Xenia",Assistant,"Assistant Professor of Art, Art History & Visual Studies",https://scholars.duke.edu/person/miraxenia.schwerda
"Art, Art History & Visual Studies",Humanities,"Seaman, William",Full,"Professor of Art, Art History and Visual Studies",https://scholars.duke.edu/person/bill.seaman
"Art, Art History & Visual Studies",Humanities,"Weisenfeld, Gennifer",Full,"Professor in the Department of Art, Art History and Visual Studies",https://scholars.duke.edu/person/gennifer.weisenfeld
"Art, Art History & Visual Studies",Humanities,"Wharton, Annabel J.",Full,"Professor of Art, Art History and Visual Studies",https://scholars.duke.edu/person/wharton
Asian & Middle Eastern Studies,Humanities,"Bardawil, Fadi A",Associate,Associate Professor of Asian and Middle Eastern Studies,https://scholars.duke.edu/person/Fadi.Bardawil
Asian & Middle Eastern Studies,Humanities,"Benmamoun, Abbas",Full,Professor of Asian and Middle Eastern Studies,https://scholars.duke.edu/person/abbas.benmamoun
Asian & Middle Eastern Studies,Humanities,"Ching, Leo",Full,Professor of Asian and Middle Eastern Studies,https://scholars.duke.edu/person/lching
Asian & Middle Eastern Studies,Humanities,"Ginsburg, Shai",Associate,Associate Professor in the Department of Asian and Middle Eastern Studies,https://scholars.duke.edu/person/shai.ginsburg
Asian & Middle Eastern Studies,Humanities,"Göknar, Erdag",Associate,Associate Professor in the Department of Asian and Middle Eastern Studies,https://scholars.duke.edu/person/goknar
Asian & Middle Eastern Studies,Humanities,"Hassel, Kimberly",Assistant,Assistant Professor of Asian & Middle Eastern Studies,https://scholars.duke.edu/person/kimberly.hassel
Asian & Middle Eastern Studies,Humanities,"Hong, Guo-Juin",Associate,Associate Professor of Asian and Middle Eastern Studies,https://scholars.duke.edu/person/gjhong
Asian & Middle Eastern Studies,Humanities,"Kim, Sung Eun",Assistant,Assistant Professor of Asian & Middle Eastern Studies,https://scholars.duke.edu/person/sungeun.kim
Asian & Middle Eastern Studies,Humanities,"Kwon, Nayoung Aimee",Associate,Associate Professor in the Department of Asian and Middle Eastern Studies,https://scholars.duke.edu/person/na.kwon
Asian & Middle Eastern Studies,Humanities,"Liu, Kang",Full,Professor of Asian and African Languages and Literature,https://scholars.duke.edu/person/liukang
Asian & Middle Eastern Studies,Humanities,"McLarney, Ellen",Full,Professor of Asian and Middle Eastern Studies,https://scholars.duke.edu/person/ellenmc
Asian & Middle Eastern Studies,Humanities,"Rojas, Carlos",Full,Professor of Asian and Middle Eastern Studies,https://scholars.duke.edu/person/c.rojas
Asian & Middle Eastern Studies,Humanities,"Safi, Omid",Full,Professor in the Department of Asian and Middle Eastern Studies,https://scholars.duke.edu/person/omid.safi
Asian & Middle Eastern Studies,Humanities,"Singh, Preeti",Assistant,Assistant Professor of Asian & Middle Eastern Studies,https://scholars.duke.edu/person/preeti.singh
Classical Studies,Humanities,"Casias, Cassandra",Assistant,Assistant Professor of Classical Studies,https://scholars.duke.edu/person/c.casias
Classical Studies,Humanities,"Forte, Maurizio",Full,Professor in the Department of Classical Studies,https://scholars.duke.edu/person/maurizio.forte
Classical Studies,Humanities,"Ginsberg, Lauren",Associate,Associate Professor of Classical Studies,https://scholars.duke.edu/person/lauren.d.ginsberg
Classical Studies,Humanities,"González, José M.",Associate,Associate Professor of Classical Studies,https://scholars.duke.edu/person/jose.gonzalez
Classical Studies,Humanities,"Janan, Micaela W.",Full,Professor of Classical Studies,https://scholars.duke.edu/person/mjanan
Classical Studies,Humanities,"Jiménez, Alicia",Associate,Associate Professor in Classical Studies,https://scholars.duke.edu/person/alicia.jimenez
Classical Studies,Humanities,"Johnson, William",Full,Professor of Classical Studies,https://scholars.duke.edu/person/william.johnson
Classical Studies,Humanities,"Morgan, Kathryn",Assistant,Assistant Professor of Classical Studies,https://scholars.duke.edu/person/Kathryn.Morgan
Classical Studies,Humanities,"Sosin, Joshua D.",Associate,Associate Professor of Classical Studies,https://scholars.duke.edu/person/joshua.sosin
Classical Studies,Humanities,"Weiberg, Erika",Assistant,Assistant Professor of Classical Studies,https://scholars.duke.edu/person/erika.weiberg
Classical Studies,Humanities,"Woods, Jennifer Clare",Associate,Associate Professor of Classical Studies,https://scholars.duke.edu/person/jcwoods
English,Humanities,"Aers, David",Full,Professor of English,https://scholars.duke.edu/person/aers
English,Humanities,"Baran, Dominika M",Associate,Associate Professor of English,https://scholars.duke.edu/person/dominika.baran
English,Humanities,"Beckwith, Sarah",Full,Professor of English,https://scholars.duke.edu/person/ott
English,Humanities,"Black, Taylor",Associate,Associate Professor of English,https://scholars.duke.edu/person/Taylor.Black
English,Humanities,"D'Alessandro, Michael F",Associate,Associate Professor of English,https://scholars.duke.edu/person/Mike.D'Alessandro
English,Humanities,"Ferraro, Thomas J.",Full,Professor of English,https://scholars.duke.edu/person/ferraro
English,Humanities,"Heimlich, Timothy",Assistant,Assistant Professor of English,https://scholars.duke.edu/person/timothy.heimlich
English,Humanities,"Jaji, Tsitsi Ella",Associate,Associate Professor of English,https://scholars.duke.edu/person/tsitsi.jaji
English,Humanities,"Khanna, Ranjana",Full,Professor of English,https://scholars.duke.edu/person/rkhanna
English,Humanities,"Mackey, Nathaniel",Full,Professor in the Department of English,https://scholars.duke.edu/person/nathaniel.mackey
English,Humanities,"McInnis, Jarvis C",Associate,Associate Professor of English,https://scholars.duke.edu/person/Jarvis.McInnis
English,Humanities,"Nguyen, Marguerite B",Associate,Associate Professor of English,https://scholars.duke.edu/person/marguerite.nguyen
English,Humanities,"Ouma, Christopher Ernest",Associate,Associate Professor of English,https://scholars.duke.edu/person/christopher.ouma
English,Humanities,"Pfau, Thomas",Full,Professor of English,https://scholars.duke.edu/person/pfau
English,Humanities,"Psomiades, Kathy A.",Associate,Associate Professor of English,https://scholars.duke.edu/person/kathy.psomiades
English,Humanities,"So, Richard Jean",Associate,Associate Professor of English,https://scholars.duke.edu/person/richard.so
English,Humanities,"Stan, Corina M",Associate,Associate Professor of English,https://scholars.duke.edu/person/corina.stan
English,Humanities,"Sussman, Charlotte S.",Full,Professor of English,https://scholars.duke.edu/person/charlotte.sussman
English,Humanities,"Torgovnick, Marianna",Full,Professor of English,https://scholars.duke.edu/person/tor
English,Humanities,"Vadde, Aarthi",Associate,Associate Professor of English,https://scholars.duke.edu/person/aarthi.vadde
English,Humanities,"Wald, Priscilla",Full,Professor of English,https://scholars.duke.edu/person/pwald
English,Humanities,"Werlin, Julianne",Associate,Associate Professor of English,https://scholars.duke.edu/person/julianne.werlin
German Studies,Humanities,"Engelstein, Stefani",Full,Professor of German Studies,https://scholars.duke.edu/person/stefani.engelstein
German Studies,Humanities,"Gellen, Kata",Associate,Associate Professor of German Studies,https://scholars.duke.edu/person/kata.gellen
German Studies,Humanities,"Norberg, Jakob",Full,Professor of German Studies,https://scholars.duke.edu/person/jakob.norberg
German Studies,Humanities,"Pickford, Henry",Full,Professor of German Studies,https://scholars.duke.edu/person/henry.pickford
German Studies,Humanities,"Pourciau, Sarah Milne",Associate,Associate Professor of German Studies,https://scholars.duke.edu/person/sarah.pourciau
German Studies,Humanities,"Reisoglu, Mert Bahadir",Assistant,Assistant Professor of German Studies,https://scholars.duke.edu/person/mert.bahadir.reisoglu
Literature,Humanities,"Bassiri, Nima",Associate,Associate Professor of Literature,https://scholars.duke.edu/person/nima.bassiri
Literature,Humanities,"Chow, Rey",Full,Professor of Literature,https://scholars.duke.edu/person/rey.chow
Literature,Humanities,"Dainotto, Roberto Maria",Full,Professor of Literature,https://scholars.duke.edu/person/dainotto
Literature,Humanities,"Hadjioannou, Markos",Associate,Associate Professor of Literature,https://scholars.duke.edu/person/markos.hadjioannou
Literature,Humanities,"Hansen, Mark B.N.",Full,Professor of Literature,https://scholars.duke.edu/person/mark.hansen
Literature,Humanities,"Hardt, Michael",Full,Professor of Literature,https://scholars.duke.edu/person/hardt
Literature,Humanities,"Jackson, Zakiyyah Iman",Associate,Associate Professor of Literature,https://scholars.duke.edu/person/zakiyyah.jackson
Literature,Humanities,"Kronfeld, Maya",Assistant,Assistant Professor of Literature,https://scholars.duke.edu/person/maya.kronfeld
Literature,Humanities,"León, Christina A",Associate,Associate Professor of Literature,https://scholars.duke.edu/person/christina.leon
Literature,Humanities,"Moi, Toril",Full,Professor of Literature,https://scholars.duke.edu/person/toril
Literature,Humanities,"Mottahedeh, Negar",Full,Professor of Literature,https://scholars.duke.edu/person/negar
Literature,Humanities,"Parisi, Luciana",Full,Professor of Literature,https://scholars.duke.edu/person/Luciana.Parisi
Literature,Humanities,"Reilly, Catherine",Associate,Associate Professor of Literature,https://scholars.duke.edu/person/Cate.Reilly
Literature,Humanities,"Viego, Antonio",Associate,Associate Professor of Literature,https://scholars.duke.edu/person/antonioviego
Literature,Humanities,"Wiegman, Robyn",Full,Professor of Literature,https://scholars.duke.edu/person/rwiegman
Music,Humanities,"Brothers, Thomas",Full,Professor of Music,https://scholars.duke.edu/person/tdb
Music,Humanities,"Enriquez, Sophia",Assistant,Assistant Professor of Music,https://scholars.duke.edu/person/Sophia.Enriquez
Music,Humanities,"Giles, Roseen",Associate,Associate Professor of Music,https://scholars.duke.edu/person/Roseen.Giles
Music,Humanities,"Jaffe, Stephen",Full,Professor of Music,https://scholars.duke.edu/person/sjaffe
Music,Humanities,"Lindroth, Scott A.",Full,Professor of Music,https://scholars.duke.edu/person/scott.lindroth
Music,Humanities,"Meintjes, Louise",Full,Professor of Music,https://scholars.duke.edu/person/meintjes
Music,Humanities,"Rupprecht, Philip",Full,Professor of Music,https://scholars.duke.edu/person/philip.rupprecht
Music,Humanities,"Stoia, Nicholas",Associate,Associate Professor of Music,https://scholars.duke.edu/person/nicholas.stoia
Music,Humanities,"Supko, John",Associate,Associate Professor of Music,https://scholars.duke.edu/person/john.supko
Music,Humanities,"Waeber, Jacqueline",Associate,Associate Professor of Music,https://scholars.duke.edu/person/jw140
Music,Humanities,"Wang, Yun Emily",Assistant,Assistant Professor of Music,https://scholars.duke.edu/person/Yun_Emily.Wang
Philosophy,Humanities,"Brading, Katherine A.",Full,Professor of Philosophy,https://scholars.duke.edu/person/katherine.brading
Philosophy,Humanities,"De Brigard, Felipe",Full,Professor of Philosophy,https://scholars.duke.edu/person/felipe.debrigard
Philosophy,Humanities,"Eva, Benjamin Edgar",Associate,Associate Professor of Philosophy,https://scholars.duke.edu/person/Benjamin.Eva
Philosophy,Humanities,"Janiak, Andrew",Full,Professor of Philosophy,https://scholars.duke.edu/person/janiak
Philosophy,Humanities,"Jhun, Jennifer S.",Assistant,Assistant Professor of Philosophy,https://scholars.duke.edu/person/JENNIFER.JHUN
Philosophy,Humanities,"Liu, Wenjin",Assistant,Assistant Professor of Philosophy,https://scholars.duke.edu/person/wenjin.liu
Philosophy,Humanities,"Morales, Jorge",Associate,Associate Professor of Philosophy,https://scholars.duke.edu/person/jorge.morales
Philosophy,Humanities,"Norman, Wayne John",Full,Professor of Philosophy,https://scholars.duke.edu/person/wayne.norman
Philosophy,Humanities,"Richardson, Kevin A",Associate,Associate Professor of Philosophy,https://scholars.duke.edu/person/Kevin.Richardson
Philosophy,Humanities,"Rosenberg, Alexander",Full,Professor of Philosophy,https://scholars.duke.edu/person/alexrose
Philosophy,Humanities,"Sinnott-Armstrong, Walter",Full,Professor of Philosophy,https://scholars.duke.edu/person/walter.sinnott-armstrong
Philosophy,Humanities,"Sreenivasan, Gopal",Full,Professor of Philosophy,https://scholars.duke.edu/person/gopal.sreenivasan
Philosophy,Humanities,"Stern, Reuben E",Associate,Associate Professor of Philosophy,https://scholars.duke.edu/person/Reuben.Stern
Philosophy,Humanities,"Wong, David B.",Full,Professor of Philosophy,https://scholars.duke.edu/person/d.wong
Philosophy,Humanities,"Ásta,",Full,Professor of Philosophy,https://scholars.duke.edu/person/Asta.Sveinsdottir
Religious Studies,Humanities,"Goodacre, Mark S.",Full,Professor in the Department of Religious Studies,https://scholars.duke.edu/person/goodacre
Religious Studies,Humanities,"Hassan, Mona",Associate,Associate Professor of Religious Studies,https://scholars.duke.edu/person/mona.hassan
Religious Studies,Humanities,"Herskowitz, Daniel M",Associate,Associate Professor of Religious Studies,https://scholars.duke.edu/person/daniel.herskowitz
Religious Studies,Humanities,"Jaffe, Richard",Full,Professor of Religious Studies,https://scholars.duke.edu/person/richard.jaffe
Religious Studies,Humanities,"Knust, Jennifer Wright",Full,Professor of Religious Studies,https://scholars.duke.edu/person/Jennifer.Knust
Religious Studies,Humanities,"Mahadev, Neena",Assistant,Assistant Professor of Religious Studies,https://scholars.duke.edu/person/neena.mahadev
Religious Studies,Humanities,"Morgan, David",Full,Professor of Religious Studies,https://scholars.duke.edu/person/david.morgan
Religious Studies,Humanities,"Sun, Anna",Associate,Associate Professor of Religious Studies,https://scholars.duke.edu/person/Anna.Sun
Religious Studies,Humanities,"Taylor-Seymour, Raffaella",Assistant,Assistant Professor of Religious Studies,https://scholars.duke.edu/person/raffaella.ts
Romance Studies,Humanities,"Aidoo, Lamonte",Associate,Associate Professor of Romance Studies,https://scholars.duke.edu/person/lamonte.aidoo
Romance Studies,Humanities,"Disbro, Eric",Assistant,Assistant Professor of Romance Studies,https://scholars.duke.edu/person/eric.disbro
Romance Studies,Humanities,"Driscoll, Kate",Assistant,Assistant Professor of Romance Studies,https://scholars.duke.edu/person/kate.driscoll
Romance Studies,Humanities,"Eisner, Martin",Full,Professor of Romance Studies,https://scholars.duke.edu/person/martin.eisner
Romance Studies,Humanities,"Evinson, Katryn",Assistant,Assistant Professor of Romance Studies,https://scholars.duke.edu/person/katryn.evinson
Romance Studies,Humanities,"Furtado, Gustavo PT",Associate,Associate Professor of Romance Studies,https://scholars.duke.edu/person/gpf
Romance Studies,Humanities,"Gabara, Esther",Full,Professor of Romance Studies,https://scholars.duke.edu/person/egabara
Romance Studies,Humanities,"Joseph-Gabriel, Annette",Associate,Associate Professor of Romance Studies,https://scholars.duke.edu/person/annette.josephgabriel
Romance Studies,Humanities,"Milian, Claudia",Full,Professor of Romance Studies,https://scholars.duke.edu/person/claudia.milian
Romance Studies,Humanities,"Quesada, Sarah",Associate,Associate Professor of Romance Studies,https://scholars.duke.edu/person/Sarah.Quesada
Romance Studies,Humanities,"Rodríguez García, José María",Associate,Associate Professor of Romance Studies,https://scholars.duke.edu/person/jose.rodriguez-garcia
Romance Studies,Humanities,"Rosa, Richard",Associate,Associate Professor of Romance Studies,https://scholars.duke.edu/person/richard.rosa
Romance Studies,Humanities,"Saliot, Anne-Gaelle",Associate,Associate Professor of Romance Studies,https://scholars.duke.edu/person/anne-gaelle.saliot
Romance Studies,Humanities,"Sarr, Felwine",Full,Professor of Romance Studies,https://scholars.duke.edu/person/Felwine.Sarr
Romance Studies,Humanities,"Serna Jeri, Angelica",Assistant,Assistant Professor of Romance Studies,https://scholars.duke.edu/person/a.serna
Romance Studies,Humanities,"Solterer, Helen",Full,Professor of Romance Studies,https://scholars.duke.edu/person/hsolt
Romance Studies,Humanities,"Vilches, Elvira L",Associate,Associate Professor of Romance Studies,https://scholars.duke.edu/person/elvira.vilches
Romance Studies,Humanities,"Ziolkowski, Saskia",Associate,Associate Professor of Romance Studies,https://scholars.duke.edu/person/saskia.ziolkowski
Slavic & Eurasian Studies,Humanities,"Andrews, Edna",Full,Professor of Slavic Languages and Literature,https://scholars.duke.edu/person/eda
Slavic & Eurasian Studies,Humanities,"Flaherty, Jennifer",Assistant,Assistant Professor of Slavic & Eurasian Studies,https://scholars.duke.edu/person/jennifer.flaherty
Slavic & Eurasian Studies,Humanities,"Tuna, Mustafa Ozgur",Associate,Associate Professor of Slavic and Eurasian Studies,https://scholars.duke.edu/person/mustafa.tuna
Theater Studies,Humanities,"Donovan, Ryan M",Assistant,Assistant Professor of Theater Studies,https://scholars.duke.edu/person/Ryan.Donovan
Theater Studies,Humanities,"Gobert, R. Darren",Full,Professor of Theater Studies,https://scholars.duke.edu/person/Robert.Gobert
Theater Studies,Humanities,"Jones Jr., Douglas A",Full,Professor of Theater Studies,https://scholars.duke.edu/person/Douglas.Jones
Theater Studies,Humanities,"Lee, Esther Kim",Full,Professor of Theater Studies,https://scholars.duke.edu/person/Esther.Lee
Biology,Natural Sciences,"Alberts, Susan C.",Full,Professor of Biology,https://scholars.duke.edu/person/alberts
Biology,Natural Sciences,"Baugh, L. Ryan",Full,Professor of Biology,https://scholars.duke.edu/person/ryan.baugh
Biology,Natural Sciences,"Bejsovec, Amy",Associate,Associate Professor of Biology,https://scholars.duke.edu/person/bejsovec
Biology,Natural Sciences,"Carreira-Rosario, Arnaldo",Assistant,Assistant Professor of Biology,https://scholars.duke.edu/person/Arnaldo.Carreira_Rosario
Biology,Natural Sciences,"Cunningham, Clifford W.",Full,Professor of Biology,https://scholars.duke.edu/person/cliff
Biology,Natural Sciences,"Dong, Ke",Full,Professor in Biology,https://scholars.duke.edu/person/Ke.Dong
Biology,Natural Sciences,"Dong, Xinnian",Full,Professor of Biology,https://scholars.duke.edu/person/xdong
Biology,Natural Sciences,"Donohue, Kathleen",Full,Professor of Biology,https://scholars.duke.edu/person/k.donohue
Biology,Natural Sciences,"Gibert, Jean Philippe",Associate,Associate Professor of Biology,https://scholars.duke.edu/person/Jean.Gibert
Biology,Natural Sciences,"Haase, Steven B.",Full,Professor of Biology,https://scholars.duke.edu/person/steve.haase
Biology,Natural Sciences,"He, Sheng-Yang",Full,Professor of Biology,https://scholars.duke.edu/person/sheng-yang.he
Biology,Natural Sciences,"Johnsen, Sonke",Full,Professor of Biology,https://scholars.duke.edu/person/sjohnsen
Biology,Natural Sciences,"Kiehart, Daniel P.",Full,Professor of Biology,https://scholars.duke.edu/person/dkiehart
Biology,Natural Sciences,"Levine, Jacob",Assistant,Assistant Professor of Biology,https://scholars.duke.edu/person/jacob.levine
Biology,Natural Sciences,"Li, Fay-Wei",Associate,Associate Professor of Biology,https://scholars.duke.edu/person/fay.wei.li
Biology,Natural Sciences,"Lipshutz, Sara E",Assistant,Assistant Professor of Biology,https://scholars.duke.edu/person/sara.lipshutz
Biology,Natural Sciences,"Lutzoni, Francois M.",Full,Professor of Biology,https://scholars.duke.edu/person/francois.lutzoni
Biology,Natural Sciences,"Magwene, Paul Mitaari",Full,Professor of Biology,https://scholars.duke.edu/person/paul.magwene
Biology,Natural Sciences,"Manos, Paul S.",Full,Professor in the Department of Biology,https://scholars.duke.edu/person/pmanos
Biology,Natural Sciences,"Mazo-Vargas, Anyi",Assistant,Assistant Professor of Biology,https://scholars.duke.edu/person/anyimilehidi.mazo.vargas
Biology,Natural Sciences,"McShea, Daniel W.",Full,Professor of Biology,https://scholars.duke.edu/person/dmcshea
Biology,Natural Sciences,"Nijhout, H. Frederik",Full,Professor of Biology,https://scholars.duke.edu/person/hfn
Biology,Natural Sciences,"Noor, Mohamed A. F.",Full,Professor of Biology,https://scholars.duke.edu/person/noor
Biology,Natural Sciences,"Onishi, Masayuki",Assistant,Assistant Professor of Biology,https://scholars.duke.edu/person/Masayuki.Onishi
Biology,Natural Sciences,"Pabon Mora, Natalia",Associate,Associate Professor of Biology,https://scholars.duke.edu/person/Natalia.Pabon.mora
Biology,Natural Sciences,"Patek, Sheila N",Full,Professor of Biology,https://scholars.duke.edu/person/snp2
Biology,Natural Sciences,"Pei, Zhen-Ming",Associate,Associate Professor of Biology,https://scholars.duke.edu/person/zpei
Biology,Natural Sciences,"Roth, V. Louise",Full,Professor of Biology,https://scholars.duke.edu/person/vlroth
Biology,Natural Sciences,"Schmid, Amy K.",Full,Professor of Biology,https://scholars.duke.edu/person/amy.schmid
Biology,Natural Sciences,"Shaw, A. Jonathan",Full,Professor of Biology,https://scholars.duke.edu/person/shaw
Biology,Natural Sciences,"Sherwood, David R.",Full,Professor of Biology,https://scholars.duke.edu/person/david.sherwood
Biology,Natural Sciences,"Silva, Gustavo M.",Associate,Associate Professor of Biology,https://scholars.duke.edu/person/Gustavo.Monteiro.Silva
Biology,Natural Sciences,"Strader, Lucia Carol",Full,Professor of Biology,https://scholars.duke.edu/person/Lucia.Strader
Biology,Natural Sciences,"Sun, Tai-ping",Full,Professor of Biology,https://scholars.duke.edu/person/tai.ping.sun
Biology,Natural Sciences,"Vilgalys, Rytas J.",Full,Professor of Biology,https://scholars.duke.edu/person/fungi
Biology,Natural Sciences,"Volkan, Pelin Cayirlioglu",Associate,Associate Professor of Biology,https://scholars.duke.edu/person/pelin.volkan
Biology,Natural Sciences,"Willis, John H.",Full,Professor of Biology,https://scholars.duke.edu/person/jwillis
Biology,Natural Sciences,"Wray, Gregory Allan",Full,Professor of Biology,https://scholars.duke.edu/person/gwray
Biology,Natural Sciences,"Wright, Justin Prouty",Full,Professor of Biology,https://scholars.duke.edu/person/justin.wright
Biology,Natural Sciences,"Yoder, Anne Daphne",Full,Professor of Biology,https://scholars.duke.edu/person/anne.yoder
Chemistry,Natural Sciences,"Alfonzo, Edwin",Assistant,Assistant Professor of Chemistry,https://scholars.duke.edu/person/edwin.alfonzo
Chemistry,Natural Sciences,"Becker, Matthew L",Full,Professor of Chemistry,https://scholars.duke.edu/person/Matthew.Becker
Chemistry,Natural Sciences,"Beratan, David N.",Full,Professor of Chemistry,https://scholars.duke.edu/person/david.beratan
Chemistry,Natural Sciences,"Craig, Stephen L",Full,Professor in the Department of Chemistry,https://scholars.duke.edu/person/stephen.craig
Chemistry,Natural Sciences,"Derbyshire, Emily R.",Full,Professor of Chemistry,https://scholars.duke.edu/person/emily.derbyshire
Chemistry,Natural Sciences,"Fitzgerald, Michael C.",Full,Professor of Chemistry,https://scholars.duke.edu/person/michael.c.fitzgerald
Chemistry,Natural Sciences,"Franz, Katherine J.",Full,Professor of Chemistry,https://scholars.duke.edu/person/katherine.franz
Chemistry,Natural Sciences,"Hong, Jiyong",Full,Professor of Chemistry,https://scholars.duke.edu/person/jiyong.hong
Chemistry,Natural Sciences,"Liu, Jie",Full,Professor of Chemistry,https://scholars.duke.edu/person/j.liu
Chemistry,Natural Sciences,"Malcolmson, Steven",Associate,Associate Professor of Chemistry,https://scholars.duke.edu/person/steven.malcolmson
Chemistry,Natural Sciences,"McCafferty, Dewey G.",Full,Professor of Chemistry,https://scholars.duke.edu/person/dewey.mccafferty
Chemistry,Natural Sciences,"Moreno-Hernandez, Ivan A.",Assistant,Assistant Professor of Chemistry,https://scholars.duke.edu/person/ivan.moreno-hernandez
Chemistry,Natural Sciences,"Njomen, Evert",Assistant,Assistant Professor of Chemistry,https://scholars.duke.edu/person/Evert.Njomen
Chemistry,Natural Sciences,"Therien, Michael J.",Full,Professor of Chemistry,https://scholars.duke.edu/person/michael.therien
Chemistry,Natural Sciences,"Wang, Qiu",Full,Professor of Chemistry,https://scholars.duke.edu/person/qiu.wang
Chemistry,Natural Sciences,"Warren,  S.",Full,Professor of Chemistry,https://scholars.duke.edu/person/warren.warren
Chemistry,Natural Sciences,"Welsher, Kevin D.",Associate,Associate Professor of Chemistry,https://scholars.duke.edu/person/kevin.welsher
Chemistry,Natural Sciences,"Widenhoefer, Ross A.",Full,Professor of Chemistry,https://scholars.duke.edu/person/ross.widenhoefer
Chemistry,Natural Sciences,"Wiley, Benjamin J.",Full,Professor of Chemistry,https://scholars.duke.edu/person/benjamin.wiley
Chemistry,Natural Sciences,"Yang, Weitao",Full,Professor of Chemistry,https://scholars.duke.edu/person/weitao.yang
Computer Science,Natural Sciences,"Agarwal, Pankaj K.",Full,Professor of Computer Science,https://scholars.duke.edu/person/pankaj
Computer Science,Natural Sciences,"Bartesaghi, Alberto",Full,Professor of Computer Science,https://scholars.duke.edu/person/alberto
Computer Science,Natural Sciences,"Calderbank, Robert",Full,Professor of Computer Science,https://scholars.duke.edu/person/robert.calderbank
Computer Science,Natural Sciences,"Chase, Jeffrey S.",Full,Professor of Computer Science,https://scholars.duke.edu/person/chase
Computer Science,Natural Sciences,"Dhingra, Bhuwan",Assistant,Assistant Professor of Computer Science,https://scholars.duke.edu/person/bhuwan.dhingra
Computer Science,Natural Sciences,"Donald, Bruce Randall",Full,Professor of Computer Science,https://scholars.duke.edu/person/bruce.donald
Computer Science,Natural Sciences,"Emami-Naeini, Pardis",Assistant,Assistant Professor of Computer Science,https://scholars.duke.edu/person/pardis.emami_naeini
Computer Science,Natural Sciences,"Ge, Rong",Full,Professor of Computer Science,https://scholars.duke.edu/person/rongge
Computer Science,Natural Sciences,"Hartemink, Alexander J.",Full,Professor of Computer Science,https://scholars.duke.edu/person/amink
Computer Science,Natural Sciences,"Lentz, Matthew",Assistant,Assistant Professor of Computer Science,https://scholars.duke.edu/person/Matthew.Lentz
Computer Science,Natural Sciences,"Liu, Siqi",Assistant,Assistant Professor of Computer Science,https://scholars.duke.edu/person/siqi.liu
Computer Science,Natural Sciences,"Munagala, Kamesh",Full,Professor of Computer Science,https://scholars.duke.edu/person/kamesh
Computer Science,Natural Sciences,"Nayak, Kartik",Associate,Associate Professor of Computer Science,https://scholars.duke.edu/person/Kartik.Nayak
Computer Science,Natural Sciences,"Panigrahi, Debmalya",Full,Professor of Computer Science,https://scholars.duke.edu/person/debmalya.panigrahi
Computer Science,Natural Sciences,"Parr, Ronald",Full,Professor of Computer Science,https://scholars.duke.edu/person/parr
Computer Science,Natural Sciences,"Pei, Jian",Full,Professor of Computer Science,https://scholars.duke.edu/person/Jian.Pei
Computer Science,Natural Sciences,"Reif, John H.",Full,Professor of Computer Science,https://scholars.duke.edu/person/reif
Computer Science,Natural Sciences,"Reiter, Michael",Full,Professor of Computer Science,https://scholars.duke.edu/person/Michael.Reiter
Computer Science,Natural Sciences,"Rossman, Benjamin",Associate,Associate Professor of Computer Science,https://scholars.duke.edu/person/Benjamin.Rossman
Computer Science,Natural Sciences,"Roy, Sudeepa",Full,Professor of Computer Science,https://scholars.duke.edu/person/sudeepa
Computer Science,Natural Sciences,"Rudin, Cynthia D.",Full,Professor of Computer Science,https://scholars.duke.edu/person/rudin
Computer Science,Natural Sciences,"Sun, Xiaobai",Full,Professor of Computer Science,https://scholars.duke.edu/person/xiaobai.sun
Computer Science,Natural Sciences,"Tomasi, Carlo",Full,Professor of Computer Science,https://scholars.duke.edu/person/tomasi
Computer Science,Natural Sciences,"Wills, Lisa",Assistant,Assistant Professor of Computer Science,https://scholars.duke.edu/person/Lisa.Wills
Computer Science,Natural Sciences,"Yang, Jun",Full,Professor of Computer Science,https://scholars.duke.edu/person/junyang
Computer Science,Natural Sciences,"Yang, Xiaowei",Full,Professor of Computer Science,https://scholars.duke.edu/person/xiaowei.yang
Computer Science,Natural Sciences,"Zhang, Danfeng",Associate,Associate Professor of Computer Science,https://scholars.duke.edu/person/Danfeng.Zhang
Computer Science,Natural Sciences,"Zhuo, Danyang",Assistant,Assistant Professor of Computer Science,https://scholars.duke.edu/person/danyang.zhuo
Evolutionary Anthropology,Natural Sciences,"Boyer, Douglas Martin",Associate,Associate Professor of Evolutionary Anthropology,https://scholars.duke.edu/person/doug.boyer
Evolutionary Anthropology,Natural Sciences,"Churchill, Steven E.",Full,Professor in the Department of Evolutionary Anthropology,https://scholars.duke.edu/person/churchy
Evolutionary Anthropology,Natural Sciences,"Drea, Christine M.",Full,Professor in the Department of Evolutionary Anthropology,https://scholars.duke.edu/person/cdrea
Evolutionary Anthropology,Natural Sciences,"Hare, Brian",Full,Professor of Evolutionary Anthropology,https://scholars.duke.edu/person/b.hare
Evolutionary Anthropology,Natural Sciences,"Lonsdorf, Elizabeth",Full,Professor of Evolutionary Anthropology,https://scholars.duke.edu/person/elizabeth.lonsdorf
Evolutionary Anthropology,Natural Sciences,"Musiba, Charles M",Full,Professor of Evolutionary Anthropology,https://scholars.duke.edu/person/charles.musiba
Evolutionary Anthropology,Natural Sciences,"Nunn, Charles L",Full,Professor in the Department of Evolutionary Anthropology,https://scholars.duke.edu/person/charles.nunn
Evolutionary Anthropology,Natural Sciences,"Pontzer, Herman",Full,Professor of Evolutionary Anthropology,https://scholars.duke.edu/person/Herman.Pontzer
Evolutionary Anthropology,Natural Sciences,"Schmitt, Daniel Oliver",Full,Professor in the Department of Evolutionary Anthropology,https://scholars.duke.edu/person/daniel.schmitt
Evolutionary Anthropology,Natural Sciences,"Thompson, Melissa Emery",Full,Professor of Evolutionary Anthropology,https://scholars.duke.edu/person/melissa.thompson
Mathematics,Natural Sciences,"Aspinwall, Paul Stephen",Full,Professor of Mathematics,https://scholars.duke.edu/person/psa
Mathematics,Natural Sciences,"Bray, Hubert",Full,Professor of Mathematics,https://scholars.duke.edu/person/hubert.bray
Mathematics,Natural Sciences,"Bryant, Robert",Full,Professor in the Department of Mathematics,https://scholars.duke.edu/person/bryant
Mathematics,Natural Sciences,"Cheng, Xiuyuan",Full,Professor of Mathematics,https://scholars.duke.edu/person/Xiuyuan.Cheng
Mathematics,Natural Sciences,"Ciocanel, Maria-Veronica",Assistant,Assistant Professor of Mathematics,https://scholars.duke.edu/person/veronica.ciocanel
Mathematics,Natural Sciences,"Cook, Nicholas A",Assistant,Assistant Professor of Mathematics,https://scholars.duke.edu/person/nicholas.cook
Mathematics,Natural Sciences,"Dasgupta, Samit",Full,Professor of Mathematics,https://scholars.duke.edu/person/samit.dasgupta
Mathematics,Natural Sciences,"Dunlap, Alexander J",Assistant,Assistant Professor of Mathematics,https://scholars.duke.edu/person/alexander.dunlap
Mathematics,Natural Sciences,"Elgindi, Tarek M",Full,Professor of Mathematics,https://scholars.duke.edu/person/Tarek.Elgindi
Mathematics,Natural Sciences,"Fang, Di",Assistant,Assistant Professor of Mathematics,https://scholars.duke.edu/person/di.fang
Mathematics,Natural Sciences,"Filipazzi, Stefano",Assistant,Assistant Professor of Mathematics,https://scholars.duke.edu/person/stefano.filipazzi
Mathematics,Natural Sciences,"Getz, Jayce Robert",Full,Professor of Mathematics,https://scholars.duke.edu/person/jaycegetz
Mathematics,Natural Sciences,"Haskins, Mark",Full,Professor of Mathematics,https://scholars.duke.edu/person/Mark.Haskins
Mathematics,Natural Sciences,"Kiselev, Alexander A.",Full,Professor of Mathematics,https://scholars.duke.edu/person/alexander.kiselev
Mathematics,Natural Sciences,"Levine, Adam S.",Associate,Associate Professor of Mathematics,https://scholars.duke.edu/person/adam.levine
Mathematics,Natural Sciences,"Lu, Jianfeng",Full,Professor of Mathematics,https://scholars.duke.edu/person/jianfeng
Mathematics,Natural Sciences,"Mattingly, Jonathan Christopher",Full,Professor of Mathematics,https://scholars.duke.edu/person/jonathan.mattingly
Mathematics,Natural Sciences,"Miller, Ezra",Full,Professor of Mathematics,https://scholars.duke.edu/person/ezra.miller
Mathematics,Natural Sciences,"Ng, Lenhard Lee",Full,Professor of Mathematics,https://scholars.duke.edu/person/ng
Mathematics,Natural Sciences,"Nolen, James H.",Full,Professor of Mathematics,https://scholars.duke.edu/person/nolen
Mathematics,Natural Sciences,"Pierce, Lillian Beatrix",Full,Professor of Mathematics,https://scholars.duke.edu/person/pierce
Mathematics,Natural Sciences,"Rabinoff, Joseph D",Associate,Associate Professor of Mathematics,https://scholars.duke.edu/person/Joseph.Rabinoff
Mathematics,Natural Sciences,"Reed, Michael C.",Full,Professor of Mathematics,https://scholars.duke.edu/person/reed
Mathematics,Natural Sciences,"Robles, Colleen M",Full,Professor of Mathematics,https://scholars.duke.edu/person/robles
Mathematics,Natural Sciences,"Saper, Leslie",Full,Professor of Mathematics,https://scholars.duke.edu/person/saper
Mathematics,Natural Sciences,"Schoen, Chad L.",Full,Professor of Mathematics,https://scholars.duke.edu/person/schoen
Mathematics,Natural Sciences,"Stern, Mark A.",Full,Professor of Mathematics,https://scholars.duke.edu/person/stern
Mathematics,Natural Sciences,"Tong, Yu",Assistant,Assistant Professor of Mathematics,https://scholars.duke.edu/person/yu.tong
Mathematics,Natural Sciences,"Venakides, Stephanos",Full,Professor of Mathematics,https://scholars.duke.edu/person/ven
Mathematics,Natural Sciences,"Wei, Fan",Assistant,Assistant Professor of Mathematics,https://scholars.duke.edu/person/fan.wei
Mathematics,Natural Sciences,"Wickelgren, Kirsten Graham",Full,Professor of Mathematics,https://scholars.duke.edu/person/kirsten.wickelgren
Mathematics,Natural Sciences,"Witelski, Thomas P.",Full,Professor in the Department of Mathematics,https://scholars.duke.edu/person/witelski
Mathematics,Natural Sciences,"Zhao, Hongkai",Full,Professor of Mathematics,https://scholars.duke.edu/person/Hongkai.Zhao
Physics,Natural Sciences,"Arce, Ayana T.",Associate,Associate Professor of Physics,https://scholars.duke.edu/person/atarce
Physics,Natural Sciences,"Barbeau, Phillip S.",Full,Professor of Physics,https://scholars.duke.edu/person/psbarbeau
Physics,Natural Sciences,"Bass, Steffen A.",Full,Professor of Physics,https://scholars.duke.edu/person/bass
Physics,Natural Sciences,"Cetina, Marko",Assistant,Assistant Professor of Physics,https://scholars.duke.edu/person/Marko.Cetina
Physics,Natural Sciences,"Chandrasekharan, Shailesh",Full,Professor of Physics,https://scholars.duke.edu/person/sch
Physics,Natural Sciences,"Chang, Albert M.",Full,Professor of Physics,https://scholars.duke.edu/person/albert.chang
Physics,Natural Sciences,"Charbonneau, Patrick",Full,Professor of Physics,https://scholars.duke.edu/person/patrick.charbonneau
Physics,Natural Sciences,"Finkelstein, Gleb",Full,Professor of Physics,https://scholars.duke.edu/person/gleb.finkelstein
Physics,Natural Sciences,"Gao, Haiyan",Full,Professor of Physics,https://scholars.duke.edu/person/haiyan.gao
Physics,Natural Sciences,"Haravifard, Sara",Associate,Associate Professor of Physics,https://scholars.duke.edu/person/Sara.Haravifard
Physics,Natural Sciences,"Howell, Calvin R.",Full,Professor of Physics,https://scholars.duke.edu/person/howell
Physics,Natural Sciences,"Klco, Natalie M",Assistant,Assistant Professor of Physics,https://scholars.duke.edu/person/natalie.klco
Physics,Natural Sciences,"Kotwal, Ashutosh V.",Full,Professor in the Department of Physics,https://scholars.duke.edu/person/ashutosh.kotwal
Physics,Natural Sciences,"Kruse, Mark C.",Full,Professor in the Department of Physics,https://scholars.duke.edu/person/mkruse
Physics,Natural Sciences,"Kumah, Divine P",Associate,Associate Professor of Physics,https://scholars.duke.edu/person/divine.kumah
Physics,Natural Sciences,"Liu, Jian-Guo",Full,Professor of Physics,https://scholars.duke.edu/person/jian-guo.liu
Physics,Natural Sciences,"Mueller, Berndt",Full,Professor of Physics,https://scholars.duke.edu/person/muller
Physics,Natural Sciences,"Nicholson, Travis L",Assistant,Assistant Professor of Physics,https://scholars.duke.edu/person/travis.nicholson
Physics,Natural Sciences,"Oh, Seog",Full,Professor of Physics,https://scholars.duke.edu/person/seog
Physics,Natural Sciences,"Plesser, M. Ronen",Full,Professor of Physics,https://scholars.duke.edu/person/plesser
Physics,Natural Sciences,"Schmidt, Christoph F.",Full,Professor of Physics,https://scholars.duke.edu/person/Christoph.Schmidt
Physics,Natural Sciences,"Scholberg, Kate",Full,Professor of Physics,https://scholars.duke.edu/person/schol
Physics,Natural Sciences,"Scolnic, Daniel M.",Full,Professor of Physics,https://scholars.duke.edu/person/dscolnic
Physics,Natural Sciences,"Socolar, Joshua",Full,Professor of Physics,https://scholars.duke.edu/person/socolar
Physics,Natural Sciences,"Springer, Roxanne P.",Full,Professor of Physics,https://scholars.duke.edu/person/rps
Physics,Natural Sciences,"Teitsworth, Stephen W.",Associate,Associate Professor of Physics,https://scholars.duke.edu/person/teitso
Physics,Natural Sciences,"Troxel, Michael A.",Full,Professor of Physics,https://scholars.duke.edu/person/michael.troxel
Physics,Natural Sciences,"Vavagiakis, Eve M",Assistant,Assistant Professor of Physics,https://scholars.duke.edu/person/eve.vavagiakis
Physics,Natural Sciences,"Vossen, Anselm G.",Associate,Associate Professor in the Department of Physics,https://scholars.duke.edu/person/Anselm.Vossen
Physics,Natural Sciences,"Walter, Christopher",Full,Professor of Physics,https://scholars.duke.edu/person/chris.walter
Physics,Natural Sciences,"Wu, Ying",Full,Professor of Physics,https://scholars.duke.edu/person/wu
Psychology & Neuroscience,Natural Sciences,"Amir, Dorsa",Assistant,Assistant Professor of Psychology and Neuroscience,https://scholars.duke.edu/person/dorsa.amir
Psychology & Neuroscience,Natural Sciences,"Asher, Steven R.",Full,Professor of Psychology & Neuroscience,https://scholars.duke.edu/person/asher
Psychology & Neuroscience,Natural Sciences,"Bennett, Gary G.",Full,Professor in the Department of Psychology and Neuroscience,https://scholars.duke.edu/person/gary.bennett
Psychology & Neuroscience,Natural Sciences,"Bilbo, Staci D.",Full,Professor of Psychology and Neuroscience,https://scholars.duke.edu/person/staci.bilbo
Psychology & Neuroscience,Natural Sciences,"Cabeza, Roberto",Full,Professor of Psychology and Neuroscience,https://scholars.duke.edu/person/cabeza
Psychology & Neuroscience,Natural Sciences,"Caspi, Avshalom",Full,Professor of Psychology and Neuroscience,https://scholars.duke.edu/person/avshalom.caspi
Psychology & Neuroscience,Natural Sciences,"Craig, Maureen Alyson",Associate,Associate Professor of Psychology and Neuroscience,https://scholars.duke.edu/person/maureen.craig
Psychology & Neuroscience,Natural Sciences,"Day, Ruth S.",Associate,Associate Professor of Psychology and Neuroscience,https://scholars.duke.edu/person/ruthday
Psychology & Neuroscience,Natural Sciences,"Egner, Tobias",Full,Professor of Psychology and Neuroscience,https://scholars.duke.edu/person/tobias.egner
Psychology & Neuroscience,Natural Sciences,"Gaither, Sarah Elizabeth",Associate,Associate Professor of Psychology and Neuroscience,https://scholars.duke.edu/person/sarah.gaither
Psychology & Neuroscience,Natural Sciences,"Groh, Jennifer M.",Full,Professor of Psychology and Neuroscience,https://scholars.duke.edu/person/jennifer.m.groh
Psychology & Neuroscience,Natural Sciences,"Hariri, Ahmad",Full,Professor of Psychology and Neuroscience,https://scholars.duke.edu/person/ahmad.hariri
Psychology & Neuroscience,Natural Sciences,"Hoyle, Rick",Full,Professor of Psychology and Neuroscience,https://scholars.duke.edu/person/rhoyle
Psychology & Neuroscience,Natural Sciences,"Huettel, Scott",Full,Professor in the Department of Psychology and Neuroscience,https://scholars.duke.edu/person/scott.huettel
Psychology & Neuroscience,Natural Sciences,"Kushnir, Tamar",Full,Professor of Psychology and Neuroscience,https://scholars.duke.edu/person/TAMAR.KUSHNIR
Psychology & Neuroscience,Natural Sciences,"LaBar, Kevin S.",Full,Professor of Psychology and Neuroscience,https://scholars.duke.edu/person/klabar
Psychology & Neuroscience,Natural Sciences,"Marsh, Elizabeth J.",Full,Professor of Psychology and Neuroscience,https://scholars.duke.edu/person/emarsh
Psychology & Neuroscience,Natural Sciences,"McHenry, Jenna Ann",Assistant,Assistant Professor of Psychology and Neuroscience,https://scholars.duke.edu/person/JENNA.MCHENRY
Psychology & Neuroscience,Natural Sciences,"Moffitt, Terrie E.",Full,Professor of Psychology and Neuroscience,https://scholars.duke.edu/person/terrie.moffitt
Psychology & Neuroscience,Natural Sciences,"Overath, Tobias",Assistant,Assistant Professor of Psychology and Neuroscience,https://scholars.duke.edu/person/t.overath
Psychology & Neuroscience,Natural Sciences,"Puffer, Eve S.",Associate,Associate Professor of Psychology and Neuroscience,https://scholars.duke.edu/person/eve.puffer
Psychology & Neuroscience,Natural Sciences,"Rubin, David C.",Full,Professor of Psychology and Neuroscience,https://scholars.duke.edu/person/david.rubin
Psychology & Neuroscience,Natural Sciences,"Salter, Phia S",Associate,Associate Professor of Psychology and Neuroscience,https://scholars.duke.edu/person/Phia.Salter
Psychology & Neuroscience,Natural Sciences,"Salvador, Cristina E",Assistant,Assistant Professor of Psychology and Neuroscience,https://scholars.duke.edu/person/Cristina.Salvador
Psychology & Neuroscience,Natural Sciences,"Samanez-Larkin, Gregory Russell",Full,Professor of Psychology and Neuroscience,https://scholars.duke.edu/person/GREGORY.SAMANEZ-LARKIN
Psychology & Neuroscience,Natural Sciences,"Shah, James",Associate,Associate Professor of Psychology and Neuroscience,https://scholars.duke.edu/person/james.shah
Psychology & Neuroscience,Natural Sciences,"Strauman, Timothy J.",Full,Professor of Psychology and Neuroscience,https://scholars.duke.edu/person/tjstraum
Psychology & Neuroscience,Natural Sciences,"Tomasello, Michael",Full,Professor in the Department of Psychology and Neuroscience,https://scholars.duke.edu/person/michael.tomasello
Psychology & Neuroscience,Natural Sciences,"Yin, Henry",Full,Professor of Psychology and Neuroscience,https://scholars.duke.edu/person/hy43
Statistical Science,Natural Sciences,"Ascolani, Filippo",Assistant,Assistant Professor of Statistical Science,https://scholars.duke.edu/person/filippo.ascolani
Statistical Science,Natural Sciences,"Clyde, Merlise",Full,Professor of Statistical Science,https://scholars.duke.edu/person/clyde
Statistical Science,Natural Sciences,"Dunson, David B.",Full,Professor of Statistical Science,https://scholars.duke.edu/person/dunson
Statistical Science,Natural Sciences,"Herring, Amy H",Full,Professor of Statistical Science,https://scholars.duke.edu/person/Amy.Herring
Statistical Science,Natural Sciences,"Hoff, Peter David",Full,Professor of Statistical Science,https://scholars.duke.edu/person/pdhoff
Statistical Science,Natural Sciences,"Katsevich, Anya",Assistant,Assistant Professor of Statistical Science,https://scholars.duke.edu/person/anya.katsevich
Statistical Science,Natural Sciences,"Laber, Eric",Full,Professor of Statistical Science,https://scholars.duke.edu/person/eblaber
Statistical Science,Natural Sciences,"Li, Fan",Full,Professor of Statistical Science,https://scholars.duke.edu/person/fli
Statistical Science,Natural Sciences,"Liu, Sifan",Assistant,Assistant Professor of Statistical Science,https://scholars.duke.edu/person/sifan.liu
Statistical Science,Natural Sciences,"Mak, Simon",Associate,Associate Professor of Statistical Science,https://scholars.duke.edu/person/SimonTszFung.Mak
Statistical Science,Natural Sciences,"Melikechi, Omar",Assistant,Assistant Professor of Statistical Science,https://scholars.duke.edu/person/omar.melikechi
Statistical Science,Natural Sciences,"Reiter, Jerome P.",Full,Professor of Statistical Science,https://scholars.duke.edu/person/jerry
Statistical Science,Natural Sciences,"Schmidler, Scott C.",Associate,Associate Professor of Statistical Science,https://scholars.duke.edu/person/scott.schmidler
Statistical Science,Natural Sciences,"Steorts, Rebecca Carter",Associate,Associate Professor of Statistical Science,https://scholars.duke.edu/person/beka
Statistical Science,Natural Sciences,"Tokdar, Surya Tapas",Full,Professor of Statistical Science,https://scholars.duke.edu/person/tokdar
Statistical Science,Natural Sciences,"Volfovsky, Alexander",Associate,Associate Professor of Statistical Science,https://scholars.duke.edu/person/alexander.volfovsky
Statistical Science,Natural Sciences,"Vuursteen, Lasse",Assistant,Assistant Professor of Statistical Science,https://scholars.duke.edu/person/lasse.vuursteen
African & African American Studies,Social Sciences,"Cobb, Jasmine Nichole",Full,Professor of African and African American Studies,https://scholars.duke.edu/person/jasmine.cobb
African & African American Studies,Social Sciences,"Crichlow, Michaeline A.",Full,Professor in the Department of African and African American Studies,https://scholars.duke.edu/person/michaeline.crichlow
African & African American Studies,Social Sciences,"Khahaifa, Naiima I",Assistant,Assistant Professor of African & African American Studies,https://scholars.duke.edu/person/naiima.khahaifa
African & African American Studies,Social Sciences,"Li, Stephanie",Full,Professor of African & African American Studies,https://scholars.duke.edu/person/stephanie.li
African & African American Studies,Social Sciences,"Mkhize, Khwezi",Assistant,Assistant Professor of African & African American Studies,https://scholars.duke.edu/person/khwezi.mkhize
African & African American Studies,Social Sciences,"Neal, Mark Anthony",Full,Professor of African and African American Studies,https://scholars.duke.edu/person/man9
African & African American Studies,Social Sciences,"Royal, Charmaine DM",Full,Professor of African & African American Studies,https://scholars.duke.edu/person/charmaine.royal
Cultural Anthropology,Social Sciences,"Baker, Lee D.",Full,Professor of Cultural Anthropology,https://scholars.duke.edu/person/ldbaker
Cultural Anthropology,Social Sciences,"Canada, Tracie",Assistant,Assistant Professor of Cultural Anthropology,https://scholars.duke.edu/person/tracie.canada
Cultural Anthropology,Social Sciences,"Folch, Christine",Associate,Associate Professor of Cultural Anthropology,https://scholars.duke.edu/person/christine.folch
Cultural Anthropology,Social Sciences,"Ho, Engseng",Full,Professor of Cultural Anthropology,https://scholars.duke.edu/person/engseng.ho
Cultural Anthropology,Social Sciences,"Lewis, Courtney",Associate,Associate Professor of Cultural Anthropology,https://scholars.duke.edu/person/Courtney.Lewis
Cultural Anthropology,Social Sciences,"Litzinger, Ralph A.",Associate,Associate Professor of Cultural Anthropology,https://scholars.duke.edu/person/rlitz
Cultural Anthropology,Social Sciences,"Makhulu, Anne-Maria B.",Associate,Associate Professor in the Department of Cultural Anthropology,https://scholars.duke.edu/person/amakhulu
Cultural Anthropology,Social Sciences,"Matory, J. Lorand",Full,Professor in the Department of Cultural Anthropology,https://scholars.duke.edu/person/jm217
Cultural Anthropology,Social Sciences,"Piot, Charles D.",Full,Professor of Cultural Anthropology,https://scholars.duke.edu/person/charles.piot
Cultural Anthropology,Social Sciences,"Rogers, Emily",Assistant,Assistant Professor of Cultural Anthropology,https://scholars.duke.edu/person/emily.rogers
Cultural Anthropology,Social Sciences,"Starn, Orin",Full,Professor of Cultural Anthropology,https://scholars.duke.edu/person/ostarn
Cultural Anthropology,Social Sciences,"Stein, Rebecca L.",Full,Professor of Cultural Anthropology,https://scholars.duke.edu/person/rlstein
Economics,Social Sciences,"Abdulkadiroglu, Atila",Full,Professor of Economics,https://scholars.duke.edu/person/atila.abdulkadiroglu
Economics,Social Sciences,"Ambrus, Attila",Full,Professor of Economics,https://scholars.duke.edu/person/attila.ambrus
Economics,Social Sciences,"Ba, Bocar A",Assistant,Assistant Professor of Economics,https://scholars.duke.edu/person/bocar.ba
Economics,Social Sciences,"Baron, Jason",Assistant,Assistant Professor of Economics,https://scholars.duke.edu/person/jason.baron
Economics,Social Sciences,"Bayer, Patrick",Full,Professor of Economics,https://scholars.duke.edu/person/patrick.bayer
Economics,Social Sciences,"Berger, David",Full,Professor of Economics,https://scholars.duke.edu/person/david.berger
Economics,Social Sciences,"Bollerslev, Tim",Full,Professor of Economics,https://scholars.duke.edu/person/tim.bollerslev
Economics,Social Sciences,"Burnside, A. Craig",Full,Professor of Economics,https://scholars.duke.edu/person/craig.burnside
Economics,Social Sciences,"Bykhovskaya, Anna",Assistant,Assistant Professor of Economics,https://scholars.duke.edu/person/Anna.Bykhovskaya
Economics,Social Sciences,"Castillo Martinez, Laura",Assistant,Assistant Professor of Economics,https://scholars.duke.edu/person/Laura.Castillo-Martinez
Economics,Social Sciences,"Collard-Wexler, Allan",Full,Professor of Economics,https://scholars.duke.edu/person/allan.collard.wexler
Economics,Social Sciences,"Cuddy, Emily A",Assistant,Assistant Professor of Economics,https://scholars.duke.edu/person/emily.cuddy
Economics,Social Sciences,"Dinerstein, Michael F",Associate,Associate Professor of Economics,https://scholars.duke.edu/person/michael.dinerstein
Economics,Social Sciences,"Dix-Carneiro, Rafael",Full,Professor of Economics,https://scholars.duke.edu/person/rafael.dix.carneiro
Economics,Social Sciences,"Field, Erica",Full,Professor of Economics,https://scholars.duke.edu/person/field.erica
Economics,Social Sciences,"Ghosh, Arkadev",Assistant,Assistant Professor of Economics,https://scholars.duke.edu/person/arkadev.ghosh
Economics,Social Sciences,"Guo, Yingni",Associate,Associate Professor of Economics,https://scholars.duke.edu/person/yingni.guo
Economics,Social Sciences,"Hoover, Kevin Douglas",Full,Professor of Economics,https://scholars.duke.edu/person/kd.hoover
Economics,Social Sciences,"Huneeus, Federico C",Assistant,Assistant Professor of Economics,https://scholars.duke.edu/person/federico.huneeus
Economics,Social Sciences,"Ilut, Cosmin L.",Full,Professor of Economics,https://scholars.duke.edu/person/cosmin.ilut
Economics,Social Sciences,"Jarosch, Gregor",Full,Professor of Economics,https://scholars.duke.edu/person/Gregor.Jarosch
Economics,Social Sciences,"Jurado, Kyle",Associate,Associate Professor of Economics,https://scholars.duke.edu/person/kyle.jurado
Economics,Social Sciences,"Kehrig, Matthias",Associate,Associate Professor of Economics,https://scholars.duke.edu/person/matthias.kehrig
Economics,Social Sciences,"Kranton, Rachel",Full,Professor of Economics,https://scholars.duke.edu/person/rachel.kranton
Economics,Social Sciences,"Kuran, Timur",Full,Professor of Economics,https://scholars.duke.edu/person/t.kuran
Economics,Social Sciences,"Lanteri, Andrea",Associate,Associate Professor of Economics,https://scholars.duke.edu/person/andrea.lanteri
Economics,Social Sciences,"Lobel, Felipe",Assistant,Assistant Professor of Economics,https://scholars.duke.edu/person/felipe.lobel
Economics,Social Sciences,"Masten, Matthew A",Associate,Associate Professor of Economics,https://scholars.duke.edu/person/matt.masten
Economics,Social Sciences,"Maurel, Arnaud",Full,Professor of Economics,https://scholars.duke.edu/person/arnaud.maurel
Economics,Social Sciences,"McElroy, Marjorie B.",Full,Professor of Economics,https://scholars.duke.edu/person/mcelroy
Economics,Social Sciences,"Morrison, Wendy A",Assistant,Assistant Professor of Economics,https://scholars.duke.edu/person/wendy.morrison
Economics,Social Sciences,"Nechyba, Thomas J.",Full,Professor of Economics,https://scholars.duke.edu/person/nechyba
Economics,Social Sciences,"Patton, Andrew J.",Full,Professor in the Department of Economics,https://scholars.duke.edu/person/andrew.patton
Economics,Social Sciences,"Peretto, Pietro F.",Full,Professor of Economics,https://scholars.duke.edu/person/peretto
Economics,Social Sciences,"Pilossoph, Laura",Associate,Associate Professor of Economics,https://scholars.duke.edu/person/Laura.Pilossoph
Economics,Social Sciences,"Pollmann, Michael",Assistant,Assistant Professor of Economics,https://scholars.duke.edu/person/Michael.Pollmann
Economics,Social Sciences,"Roberts, James W.",Full,Professor of Economics,https://scholars.duke.edu/person/j.roberts
Economics,Social Sciences,"Rosen, Adam M",Full,Professor of Economics,https://scholars.duke.edu/person/adam.rosen
Economics,Social Sciences,"Sadowski, Philipp",Associate,Associate Professor of Economics,https://scholars.duke.edu/person/p.sadowski
Economics,Social Sciences,"Sarver, Todd",Full,Professor of Economics,https://scholars.duke.edu/person/todd.sarver
Economics,Social Sciences,"Taylor, Curtis R.",Full,Professor of Economics,https://scholars.duke.edu/person/crtaylor
Economics,Social Sciences,"Thomas, Duncan",Full,Professor of Economics,https://scholars.duke.edu/person/d.thomas
Economics,Social Sciences,"Tintelnot, Felix",Associate,Associate Professor of Economics,https://scholars.duke.edu/person/felix.tintelnot
Economics,Social Sciences,"Walker, Christopher D",Assistant,Assistant Professor of Economics,https://scholars.duke.edu/person/Christopher.Walker2
Economics,Social Sciences,"Xiao, Pengpeng",Assistant,Assistant Professor of Economics,https://scholars.duke.edu/person/Pengpeng.Xiao
Economics,Social Sciences,"Xu, Daniel Yi",Full,Professor of Economics,https://scholars.duke.edu/person/yi.xu
Economics,Social Sciences,"Yildirim, Huseyin",Full,Professor of Economics,https://scholars.duke.edu/person/yildirh
"Gender, Sexuality & Feminist Studies",Social Sciences,"Clune-Taylor, Catherine",Assistant,"Assistant Professor of Gender, Sexuality & Feminist Studies",https://scholars.duke.edu/person/catherine.taylor
"Gender, Sexuality & Feminist Studies",Social Sciences,"Hasso, Frances S.",Full,"Professor of Gender, Sexuality & Feminist Studies",https://scholars.duke.edu/person/frances.hasso
"Gender, Sexuality & Feminist Studies",Social Sciences,"Lamm, Kimberly Kay",Associate,"Associate Professor in the Program of Gender, Sexuality & Feminist Studies",https://scholars.duke.edu/person/kkl9
"Gender, Sexuality & Feminist Studies",Social Sciences,"Lane, Nikki",Assistant,"Assistant Professor of Gender, Sexuality & Feminist Studies",https://scholars.duke.edu/person/nikki.lane
"Gender, Sexuality & Feminist Studies",Social Sciences,"Nash, Jennifer Christine",Full,"Professor of Gender, Sexuality & Feminist Studies",https://scholars.duke.edu/person/Jennifer.Nash
"Gender, Sexuality & Feminist Studies",Social Sciences,"Storti, Anna",Assistant,"Assistant Professor of Gender, Sexuality & Feminist Studies",https://scholars.duke.edu/person/anna.storti
"Gender, Sexuality & Feminist Studies",Social Sciences,"Wilson, Ara",Associate,"Associate Professor of Gender, Sexuality & Feminist Studies",https://scholars.duke.edu/person/ara.wilson
History,Social Sciences,"Balakrishnan, Sarah",Assistant,Assistant Professor of History,https://scholars.duke.edu/person/Sarah.Balakrishnan
History,Social Sciences,"Barnes, Nicole Elizabeth",Associate,Associate Professor of History,https://scholars.duke.edu/person/nicole.barnes
History,Social Sciences,"Barr, Juliana",Associate,Associate Professor of History,https://scholars.duke.edu/person/juliana.barr
History,Social Sciences,"Bonker, Dirk",Associate,Associate Professor of History,https://scholars.duke.edu/person/dirk.bonker
History,Social Sciences,"Bourgette, Alika",Assistant,Assistant Professor of History,https://scholars.duke.edu/person/alika.bourgette
History,Social Sciences,"Chappel, James Gregory",Associate,Associate Professor of History,https://scholars.duke.edu/person/james.chappel
History,Social Sciences,"Cheung-Miaw, Calvin Ryan",Assistant,Assistant Professor of History,https://scholars.duke.edu/person/Calvin.Cheung-Miaw
History,Social Sciences,"Conway, Hannah",Assistant,Assistant Professor of History,https://scholars.duke.edu/person/hannah.conway
History,Social Sciences,"French, John D.",Full,Professor of History,https://scholars.duke.edu/person/jdfrench
History,Social Sciences,"Gaspar, Barry",Full,Professor of History,https://scholars.duke.edu/person/dgaspar
History,Social Sciences,"Glymph, Thavolia",Full,Professor of History,https://scholars.duke.edu/person/Glymph
History,Social Sciences,"Hacohen, Malachi H.",Full,Professor of History,https://scholars.duke.edu/person/mhacohen
History,Social Sciences,"Hepler-Smith, Evan",Assistant,Assistant Professor of History,https://scholars.duke.edu/person/Evan.Hepler-Smith
History,Social Sciences,"Krylova, Anna",Associate,Associate Professor of History,https://scholars.duke.edu/person/anna.krylova
History,Social Sciences,"Lamotte, Mélanie Aimée Marie",Assistant,Assistant Professor of History,https://scholars.duke.edu/person/melanie.lamotte
History,Social Sciences,"Lentz-Smith, Adriane D.",Associate,Associate Professor of History,https://scholars.duke.edu/person/adriane.lentz-smith
History,Social Sciences,"Leroy, Justin",Assistant,Assistant Professor of History,https://scholars.duke.edu/person/justin.leroy
History,Social Sciences,"Malegam, Jehangir",Associate,Associate Professor of History,https://scholars.duke.edu/person/jehangir.malegam
History,Social Sciences,"Marquez, Cecilia",Assistant,Assistant Professor of History,https://scholars.duke.edu/person/Cecilia.Marquez
History,Social Sciences,"Martin, John Jeffries",Full,Professor of History,https://scholars.duke.edu/person/john.j.martin
History,Social Sciences,"Nunley, Tamika",Full,Professor of History,https://scholars.duke.edu/person/tamika.nunley
History,Social Sciences,"Olcott, Jocelyn",Full,Professor of History,https://scholars.duke.edu/person/olcott
History,Social Sciences,"Partner, Simon",Full,Professor of History,https://scholars.duke.edu/person/spartner
History,Social Sciences,"Ramaswamy, Sumathi",Full,Professor of History,https://scholars.duke.edu/person/sr76
History,Social Sciences,"Sigal, Peter",Full,Professor of History,https://scholars.duke.edu/person/peter.sigal
History,Social Sciences,"Stern, Philip J.",Full,Professor of History,https://scholars.duke.edu/person/philip.stern
Political Science,Social Sciences,"Anoll, Allison P",Associate,Associate Professor of Political Science,https://scholars.duke.edu/person/allison.anoll
Political Science,Social Sciences,"Beardsley, Kyle",Full,Professor of Political Science,https://scholars.duke.edu/person/kyle.beardsley
Political Science,Social Sciences,"Beramendi, Pablo",Full,Professor of Political Science,https://scholars.duke.edu/person/pablo.beramendi
Political Science,Social Sciences,"Feaver, Peter D.",Full,Professor of Political Science,https://scholars.duke.edu/person/pfeaver
Political Science,Social Sciences,"Fu, Jiawei",Assistant,Assistant Professor of Political Science,https://scholars.duke.edu/person/jiawei.fu
Political Science,Social Sciences,"Garfias, Francisco",Associate,Associate Professor of Political Science,https://scholars.duke.edu/person/f.garfias
Political Science,Social Sciences,"Gillespie, Michael A.",Full,Professor of Political Science,https://scholars.duke.edu/person/mgillesp
Political Science,Social Sciences,"Green, Jon",Assistant,Assistant Professor of Political Science,https://scholars.duke.edu/person/jonathan.green
Political Science,Social Sciences,"Haynie, Kerry L.",Full,Professor of Political Science,https://scholars.duke.edu/person/klhaynie
Political Science,Social Sciences,"Hillygus, D. Sunshine",Full,Professor of Political Science,https://scholars.duke.edu/person/hillygus
Political Science,Social Sciences,"Johnston, Christopher",Full,Professor of Political Science,https://scholars.duke.edu/person/christopher.johnston
Political Science,Social Sciences,"Kirshner, Alexander",Full,Professor of Political Science,https://scholars.duke.edu/person/alexander.kirshner
Political Science,Social Sciences,"Kitschelt, Herbert P.",Full,Professor of Political Science,https://scholars.duke.edu/person/h3738
Political Science,Social Sciences,"Knight, Jack",Full,Professor of Political Science,https://scholars.duke.edu/person/knight
Political Science,Social Sciences,"Leventoglu, Bahar",Associate,Associate Professor of Political Science,https://scholars.duke.edu/person/bahar.leventoglu
Political Science,Social Sciences,"Malesky, Edmund",Full,Professor of Political Science,https://scholars.duke.edu/person/eddy.malesky
Political Science,Social Sciences,"Manion, Melanie",Full,Professor in the Department of Political Science,https://scholars.duke.edu/person/melanie.manion
Political Science,Social Sciences,"McClain, Paula D.",Full,Professor of Political Science,https://scholars.duke.edu/person/pmcclain
Political Science,Social Sciences,"Munger, Michael C.",Full,Professor of Political Science,https://scholars.duke.edu/person/michael.munger
Political Science,Social Sciences,"Mvukiyehe, Eric Ndahayo",Assistant,Assistant Professor of Political Science,https://scholars.duke.edu/person/eric.mvukiyehe
Political Science,Social Sciences,"Myrick, Rachel",Associate,Associate Professor of Political Science,https://scholars.duke.edu/person/rachel.myrick
Political Science,Social Sciences,"Niou, Emerson S.",Full,Professor of Political Science,https://scholars.duke.edu/person/niou
Political Science,Social Sciences,"Rousseliere, Genevieve",Associate,Associate Professor of Political Science,https://scholars.duke.edu/person/genevieve.rousseliere
Political Science,Social Sciences,"Siegel, David",Full,Professor of Political Science,https://scholars.duke.edu/person/david.siegel
Political Science,Social Sciences,"Singh, Shikhar",Assistant,Assistant Professor of Political Science,https://scholars.duke.edu/person/shikhar.singh
Political Science,Social Sciences,"Smith, Candis Watts",Full,Professor of Political Science,https://scholars.duke.edu/person/candis.watts
Political Science,Social Sciences,"Stegmueller, Daniel",Full,Professor of Political Science,https://scholars.duke.edu/person/Daniel.Stegmueller
Political Science,Social Sciences,"Vanberg, Georg",Full,Professor of Political Science,https://scholars.duke.edu/person/georg.vanberg
Political Science,Social Sciences,"de Marchi, Scott",Full,Professor of Political Science,https://scholars.duke.edu/person/scott.demarchi
Sociology,Social Sciences,"Bail, Christopher Andrew",Full,Professor of Sociology,https://scholars.duke.edu/person/christopher.bail
Sociology,Social Sciences,"Bonilla-Silva, Eduardo",Full,Professor of Sociology,https://scholars.duke.edu/person/eduardo.bonilla.silva
Sociology,Social Sciences,"Brown, Tyson",Full,Professor of Sociology,https://scholars.duke.edu/person/tyson.brown1
Sociology,Social Sciences,"Cheng, Tony",Assistant,Assistant Professor of Sociology,https://scholars.duke.edu/person/tony.cheng
Sociology,Social Sciences,"Gao, Bai",Full,Professor of Sociology,https://scholars.duke.edu/person/bagao
Sociology,Social Sciences,"Harrell King, Ashley Lauren",Assistant,Assistant Professor of Sociology,https://scholars.duke.edu/person/Ashley_Harrell
Sociology,Social Sciences,"Harris, Angel Luis",Full,Professor in the Department of Sociology,https://scholars.duke.edu/person/angel.harris
Sociology,Social Sciences,"Healy, Kieran",Full,Professor of Sociology,https://scholars.duke.edu/person/kieran.healy
Sociology,Social Sciences,"Jiang, Wenhao",Assistant,Assistant Professor of Sociology,https://scholars.duke.edu/person/wenhao.jiang
Sociology,Social Sciences,"Keister, Lisa A.",Full,Professor of Sociology,https://scholars.duke.edu/person/lkeister
Sociology,Social Sciences,"Lee, Hedwig Eugenie",Full,Professor of Sociology,https://scholars.duke.edu/person/lee.hedwig
Sociology,Social Sciences,"Lynch, Scott Michael",Full,Professor in the Department of Sociology,https://scholars.duke.edu/person/scott.lynch
Sociology,Social Sciences,"Moody, James",Full,Professor in the Department of Sociology,https://scholars.duke.edu/person/james.moody
Sociology,Social Sciences,"Rawlings, Craig Michael",Associate,Associate Professor of Sociology,https://scholars.duke.edu/person/craig.rawlings
Sociology,Social Sciences,"Read, Jen'nan",Full,Professor of Sociology,https://scholars.duke.edu/person/jennan.read
Sociology,Social Sciences,"Ruef, Martin",Full,Professor in the Department of Sociology,https://scholars.duke.edu/person/martin.ruef
Sociology,Social Sciences,"Smith, Daniel Scott",Assistant,Assistant Professor of Sociology,https://scholars.duke.edu/person/daniel.scott.smith
Sociology,Social Sciences,"Streib, Jessi",Full,Professor of Sociology,https://scholars.duke.edu/person/jessi.streib
Sociology,Social Sciences,"Vaisey, Stephen",Full,Professor of Sociology,https://scholars.duke.edu/person/stephen.vaisey
Sociology,Social Sciences,"Wildeman, Christopher",Full,Professor of Sociology,https://scholars.duke.edu/person/christopher.wildeman
