division,dept,M_h,n_h,pi,w,name,rank,title,profile_url
Social Sciences,African & African American Studies,7,2,0.2857142857142857,3.5,"Li, Stephanie",Full,Professor of African & African American Studies,https://scholars.duke.edu/person/stephanie.li
Social Sciences,African & African American Studies,7,2,0.2857142857142857,3.5,"Royal, Charmaine DM",Full,Professor of African & African American Studies,https://scholars.duke.edu/person/charmaine.royal
Humanities,"Art, Art History & Visual Studies",11,3,0.2727272727272727,3.666666666666667,"Lucento, Angelina",Assistant,"Assistant Professor of Art, Art History & Visual Studies",https://scholars.duke.edu/person/angelina.lucento
Humanities,"Art, Art History & Visual Studies",11,3,0.2727272727272727,3.666666666666667,"Dillon, Sheila",Full,"Professor of Art, Art History and Visual Studies",https://scholars.duke.edu/person/sheila.dillon
Humanities,"Art, Art History & Visual Studies",11,3,0.2727272727272727,3.666666666666667,"Weisenfeld, Gennifer",Full,"Professor in the Department of Art, Art History and Visual Studies",https://scholars.duke.edu/person/gennifer.weisenfeld
Humanities,Asian & Middle Eastern Studies,14,3,0.21428571428571427,4.666666666666667,"Safi, Omid",Full,Professor in the Department of Asian and Middle Eastern Studies,https://scholars.duke.edu/person/omid.safi
Humanities,Asian & Middle Eastern Studies,14,3,0.21428571428571427,4.666666666666667,"Rojas, Carlos",Full,Professor of Asian and Middle Eastern Studies,https://scholars.duke.edu/person/c.rojas
Humanities,Asian & Middle Eastern Studies,14,3,0.21428571428571427,4.666666666666667,"McLarney, Ellen",Full,Professor of Asian and Middle Eastern Studies,https://scholars.duke.edu/person/ellenmc
Natural Sciences,Biology,40,10,0.25,4,"Roth, V. Louise",Full,Professor of Biology,https://scholars.duke.edu/person/vlroth
Natural Sciences,Biology,40,10,0.25,4,"Baugh, L. Ryan",Full,Professor of Biology,https://scholars.duke.edu/person/ryan.baugh
Natural Sciences,Biology,40,10,0.25,4,"Alberts, Susan C.",Full,Professor of Biology,https://scholars.duke.edu/person/alberts
Natural Sciences,Biology,40,10,0.25,4,"Silva, Gustavo M.",Associate,Associate Professor of Biology,https://scholars.duke.edu/person/Gustavo.Monteiro.Silva
Natural Sciences,Biology,40,10,0.25,4,"Gibert, Jean Philippe",Associate,Associate Professor of Biology,https://scholars.duke.edu/person/Jean.Gibert
Natural Sciences,Biology,40,10,0.25,4,"Manos, Paul S.",Full,Professor in the Department of Biology,https://scholars.duke.edu/person/pmanos
Natural Sciences,Biology,40,10,0.25,4,"Sherwood, David R.",Full,Professor of Biology,https://scholars.duke.edu/person/david.sherwood
Natural Sciences,Biology,40,10,0.25,4,"Yoder, Anne Daphne",Full,Professor of Biology,https://scholars.duke.edu/person/anne.yoder
Natural Sciences,Biology,40,10,0.25,4,"Johnsen, Sonke",Full,Professor of Biology,https://scholars.duke.edu/person/sjohnsen
Natural Sciences,Biology,40,10,0.25,4,"Carreira-Rosario, Arnaldo",Assistant,Assistant Professor of Biology,https://scholars.duke.edu/person/Arnaldo.Carreira_Rosario
Natural Sciences,Chemistry,20,5,0.25,4,"Hong, Jiyong",Full,Professor of Chemistry,https://scholars.duke.edu/person/jiyong.hong
Natural Sciences,Chemistry,20,5,0.25,4,"Moreno-Hernandez, Ivan A.",Assistant,Assistant Professor of Chemistry,https://scholars.duke.edu/person/ivan.moreno-hernandez
Natural Sciences,Chemistry,20,5,0.25,4,"Derbyshire, Emily R.",Full,Professor of Chemistry,https://scholars.duke.edu/person/emily.derbyshire
Natural Sciences,Chemistry,20,5,0.25,4,"Yang, Weitao",Full,Professor of Chemistry,https://scholars.duke.edu/person/weitao.yang
Natural Sciences,Chemistry,20,5,0.25,4,"Warren,  S.",Full,Professor of Chemistry,https://scholars.duke.edu/person/warren.warren
Humanities,Classical Studies,11,3,0.2727272727272727,3.666666666666667,"Jiménez, Alicia",Associate,Associate Professor in Classical Studies,https://scholars.duke.edu/person/alicia.jimenez
Humanities,Classical Studies,11,3,0.2727272727272727,3.666666666666667,"Casias, Cassandra",Assistant,Assistant Professor of Classical Studies,https://scholars.duke.edu/person/c.casias
Humanities,Classical Studies,11,3,0.2727272727272727,3.666666666666667,"González, José M.",Associate,Associate Professor of Classical Studies,https://scholars.duke.edu/person/jose.gonzalez
Natural Sciences,Computer Science,28,7,0.25,4,"Rossman, Benjamin",Associate,Associate Professor of Computer Science,https://scholars.duke.edu/person/Benjamin.Rossman
Natural Sciences,Computer Science,28,7,0.25,4,"Agarwal, Pankaj K.",Full,Professor of Computer Science,https://scholars.duke.edu/person/pankaj
Natural Sciences,Computer Science,28,7,0.25,4,"Yang, Xiaowei",Full,Professor of Computer Science,https://scholars.duke.edu/person/xiaowei.yang
Natural Sciences,Computer Science,28,7,0.25,4,"Hartemink, Alexander J.",Full,Professor of Computer Science,https://scholars.duke.edu/person/amink
Natural Sciences,Computer Science,28,7,0.25,4,"Dhingra, Bhuwan",Assistant,Assistant Professor of Computer Science,https://scholars.duke.edu/person/bhuwan.dhingra
Natural Sciences,Computer Science,28,7,0.25,4,"Calderbank, Robert",Full,Professor of Computer Science,https://scholars.duke.edu/person/robert.calderbank
Natural Sciences,Computer Science,28,7,0.25,4,"Munagala, Kamesh",Full,Professor of Computer Science,https://scholars.duke.edu/person/kamesh
Social Sciences,Cultural Anthropology,12,3,0.25,4,"Rogers, Emily",Assistant,Assistant Professor of Cultural Anthropology,https://scholars.duke.edu/person/emily.rogers
Social Sciences,Cultural Anthropology,12,3,0.25,4,"Baker, Lee D.",Full,Professor of Cultural Anthropology,https://scholars.duke.edu/person/ldbaker
Social Sciences,Cultural Anthropology,12,3,0.25,4,"Canada, Tracie",Assistant,Assistant Professor of Cultural Anthropology,https://scholars.duke.edu/person/tracie.canada
Social Sciences,Economics,47,11,0.23404255319148937,4.2727272727272725,"Roberts, James W.",Full,Professor of Economics,https://scholars.duke.edu/person/j.roberts
Social Sciences,Economics,47,11,0.23404255319148937,4.2727272727272725,"Kehrig, Matthias",Associate,Associate Professor of Economics,https://scholars.duke.edu/person/matthias.kehrig
Social Sciences,Economics,47,11,0.23404255319148937,4.2727272727272725,"Collard-Wexler, Allan",Full,Professor of Economics,https://scholars.duke.edu/person/allan.collard.wexler
Social Sciences,Economics,47,11,0.23404255319148937,4.2727272727272725,"Kuran, Timur",Full,Professor of Economics,https://scholars.duke.edu/person/t.kuran
Social Sciences,Economics,47,11,0.23404255319148937,4.2727272727272725,"Walker, Christopher D",Assistant,Assistant Professor of Economics,https://scholars.duke.edu/person/Christopher.Walker2
Social Sciences,Economics,47,11,0.23404255319148937,4.2727272727272725,"Castillo Martinez, Laura",Assistant,Assistant Professor of Economics,https://scholars.duke.edu/person/Laura.Castillo-Martinez
Social Sciences,Economics,47,11,0.23404255319148937,4.2727272727272725,"Pilossoph, Laura",Associate,Associate Professor of Economics,https://scholars.duke.edu/person/Laura.Pilossoph
Social Sciences,Economics,47,11,0.23404255319148937,4.2727272727272725,"Xiao, Pengpeng",Assistant,Assistant Professor of Economics,https://scholars.duke.edu/person/Pengpeng.Xiao
Social Sciences,Economics,47,11,0.23404255319148937,4.2727272727272725,"Lanteri, Andrea",Associate,Associate Professor of Economics,https://scholars.duke.edu/person/andrea.lanteri
Social Sciences,Economics,47,11,0.23404255319148937,4.2727272727272725,"Bayer, Patrick",Full,Professor of Economics,https://scholars.duke.edu/person/patrick.bayer
Social Sciences,Economics,47,11,0.23404255319148937,4.2727272727272725,"Bykhovskaya, Anna",Assistant,Assistant Professor of Economics,https://scholars.duke.edu/person/Anna.Bykhovskaya
Humanities,English,22,5,0.22727272727272727,4.4,"Nguyen, Marguerite B",Associate,Associate Professor of English,https://scholars.duke.edu/person/marguerite.nguyen
Humanities,English,22,5,0.22727272727272727,4.4,"Torgovnick, Marianna",Full,Professor of English,https://scholars.duke.edu/person/tor
Humanities,English,22,5,0.22727272727272727,4.4,"Stan, Corina M",Associate,Associate Professor of English,https://scholars.duke.edu/person/corina.stan
Humanities,English,22,5,0.22727272727272727,4.4,"Ferraro, Thomas J.",Full,Professor of English,https://scholars.duke.edu/person/ferraro
Humanities,English,22,5,0.22727272727272727,4.4,"Khanna, Ranjana",Full,Professor of English,https://scholars.duke.edu/person/rkhanna
Natural Sciences,Evolutionary Anthropology,10,2,0.2,5,"Drea, Christine M.",Full,Professor in the Department of Evolutionary Anthropology,https://scholars.duke.edu/person/cdrea
Natural Sciences,Evolutionary Anthropology,10,2,0.2,5,"Hare, Brian",Full,Professor of Evolutionary Anthropology,https://scholars.duke.edu/person/b.hare
Social Sciences,"Gender, Sexuality & Feminist Studies",7,2,0.2857142857142857,3.5,"Lane, Nikki",Assistant,"Assistant Professor of Gender, Sexuality & Feminist Studies",https://scholars.duke.edu/person/nikki.lane
Social Sciences,"Gender, Sexuality & Feminist Studies",7,2,0.2857142857142857,3.5,"Hasso, Frances S.",Full,"Professor of Gender, Sexuality & Feminist Studies",https://scholars.duke.edu/person/frances.hasso
Humanities,German Studies,6,2,0.3333333333333333,3,"Norberg, Jakob",Full,Professor of German Studies,https://scholars.duke.edu/person/jakob.norberg
Humanities,German Studies,6,2,0.3333333333333333,3,"Gellen, Kata",Associate,Associate Professor of German Studies,https://scholars.duke.edu/person/kata.gellen
Social Sciences,History,26,6,0.23076923076923078,4.333333333333333,"Martin, John Jeffries",Full,Professor of History,https://scholars.duke.edu/person/john.j.martin
Social Sciences,History,26,6,0.23076923076923078,4.333333333333333,"French, John D.",Full,Professor of History,https://scholars.duke.edu/person/jdfrench
Social Sciences,History,26,6,0.23076923076923078,4.333333333333333,"Balakrishnan, Sarah",Assistant,Assistant Professor of History,https://scholars.duke.edu/person/Sarah.Balakrishnan
Social Sciences,History,26,6,0.23076923076923078,4.333333333333333,"Leroy, Justin",Assistant,Assistant Professor of History,https://scholars.duke.edu/person/justin.leroy
Social Sciences,History,26,6,0.23076923076923078,4.333333333333333,"Sigal, Peter",Full,Professor of History,https://scholars.duke.edu/person/peter.sigal
Social Sciences,History,26,6,0.23076923076923078,4.333333333333333,"Olcott, Jocelyn",Full,Professor of History,https://scholars.duke.edu/person/olcott
Humanities,Literature,15,4,0.26666666666666666,3.75,"Moi, Toril",Full,Professor of Literature,https://scholars.duke.edu/person/toril
Humanities,Literature,15,4,0.26666666666666666,3.75,"Hadjioannou, Markos",Associate,Associate Professor of Literature,https://scholars.duke.edu/person/markos.hadjioannou
Humanities,Literature,15,4,0.26666666666666666,3.75,"Dainotto, Roberto Maria",Full,Professor of Literature,https://scholars.duke.edu/person/dainotto
Humanities,Literature,15,4,0.26666666666666666,3.75,"Kronfeld, Maya",Assistant,Assistant Professor of Literature,https://scholars.duke.edu/person/maya.kronfeld
Natural Sciences,Mathematics,33,8,0.24242424242424243,4.125,"Cheng, Xiuyuan",Full,Professor of Mathematics,https://scholars.duke.edu/person/Xiuyuan.Cheng
Natural Sciences,Mathematics,33,8,0.24242424242424243,4.125,"Robles, Colleen M",Full,Professor of Mathematics,https://scholars.duke.edu/person/robles
Natural Sciences,Mathematics,33,8,0.24242424242424243,4.125,"Levine, Adam S.",Associate,Associate Professor of Mathematics,https://scholars.duke.edu/person/adam.levine
Natural Sciences,Mathematics,33,8,0.24242424242424243,4.125,"Rabinoff, Joseph D",Associate,Associate Professor of Mathematics,https://scholars.duke.edu/person/Joseph.Rabinoff
Natural Sciences,Mathematics,33,8,0.24242424242424243,4.125,"Saper, Leslie",Full,Professor of Mathematics,https://scholars.duke.edu/person/saper
Natural Sciences,Mathematics,33,8,0.24242424242424243,4.125,"Ng, Lenhard Lee",Full,Professor of Mathematics,https://scholars.duke.edu/person/ng
Natural Sciences,Mathematics,33,8,0.24242424242424243,4.125,"Dasgupta, Samit",Full,Professor of Mathematics,https://scholars.duke.edu/person/samit.dasgupta
Natural Sciences,Mathematics,33,8,0.24242424242424243,4.125,"Kiselev, Alexander A.",Full,Professor of Mathematics,https://scholars.duke.edu/person/alexander.kiselev
Humanities,Music,11,3,0.2727272727272727,3.666666666666667,"Stoia, Nicholas",Associate,Associate Professor of Music,https://scholars.duke.edu/person/nicholas.stoia
Humanities,Music,11,3,0.2727272727272727,3.666666666666667,"Lindroth, Scott A.",Full,Professor of Music,https://scholars.duke.edu/person/scott.lindroth
Humanities,Music,11,3,0.2727272727272727,3.666666666666667,"Meintjes, Louise",Full,Professor of Music,https://scholars.duke.edu/person/meintjes
Humanities,Philosophy,15,4,0.26666666666666666,3.75,"Brading, Katherine A.",Full,Professor of Philosophy,https://scholars.duke.edu/person/katherine.brading
Humanities,Philosophy,15,4,0.26666666666666666,3.75,"Rosenberg, Alexander",Full,Professor of Philosophy,https://scholars.duke.edu/person/alexrose
Humanities,Philosophy,15,4,0.26666666666666666,3.75,"Ásta,",Full,Professor of Philosophy,https://scholars.duke.edu/person/Asta.Sveinsdottir
Humanities,Philosophy,15,4,0.26666666666666666,3.75,"Norman, Wayne John",Full,Professor of Philosophy,https://scholars.duke.edu/person/wayne.norman
Natural Sciences,Physics,31,8,0.25806451612903225,3.875,"Cetina, Marko",Assistant,Assistant Professor of Physics,https://scholars.duke.edu/person/Marko.Cetina
Natural Sciences,Physics,31,8,0.25806451612903225,3.875,"Walter, Christopher",Full,Professor of Physics,https://scholars.duke.edu/person/chris.walter
Natural Sciences,Physics,31,8,0.25806451612903225,3.875,"Scolnic, Daniel M.",Full,Professor of Physics,https://scholars.duke.edu/person/dscolnic
Natural Sciences,Physics,31,8,0.25806451612903225,3.875,"Wu, Ying",Full,Professor of Physics,https://scholars.duke.edu/person/wu
Natural Sciences,Physics,31,8,0.25806451612903225,3.875,"Chandrasekharan, Shailesh",Full,Professor of Physics,https://scholars.duke.edu/person/sch
Natural Sciences,Physics,31,8,0.25806451612903225,3.875,"Plesser, M. Ronen",Full,Professor of Physics,https://scholars.duke.edu/person/plesser
Natural Sciences,Physics,31,8,0.25806451612903225,3.875,"Liu, Jian-Guo",Full,Professor of Physics,https://scholars.duke.edu/person/jian-guo.liu
Natural Sciences,Physics,31,8,0.25806451612903225,3.875,"Springer, Roxanne P.",Full,Professor of Physics,https://scholars.duke.edu/person/rps
Social Sciences,Political Science,29,7,0.2413793103448276,4.142857142857142,"Knight, Jack",Full,Professor of Political Science,https://scholars.duke.edu/person/knight
Social Sciences,Political Science,29,7,0.2413793103448276,4.142857142857142,"Anoll, Allison P",Associate,Associate Professor of Political Science,https://scholars.duke.edu/person/allison.anoll
Social Sciences,Political Science,29,7,0.2413793103448276,4.142857142857142,"Haynie, Kerry L.",Full,Professor of Political Science,https://scholars.duke.edu/person/klhaynie
Social Sciences,Political Science,29,7,0.2413793103448276,4.142857142857142,"Niou, Emerson S.",Full,Professor of Political Science,https://scholars.duke.edu/person/niou
Social Sciences,Political Science,29,7,0.2413793103448276,4.142857142857142,"de Marchi, Scott",Full,Professor of Political Science,https://scholars.duke.edu/person/scott.demarchi
Social Sciences,Political Science,29,7,0.2413793103448276,4.142857142857142,"Garfias, Francisco",Associate,Associate Professor of Political Science,https://scholars.duke.edu/person/f.garfias
Social Sciences,Political Science,29,7,0.2413793103448276,4.142857142857142,"Leventoglu, Bahar",Associate,Associate Professor of Political Science,https://scholars.duke.edu/person/bahar.leventoglu
Natural Sciences,Psychology & Neuroscience,29,7,0.2413793103448276,4.142857142857142,"Hariri, Ahmad",Full,Professor of Psychology and Neuroscience,https://scholars.duke.edu/person/ahmad.hariri
Natural Sciences,Psychology & Neuroscience,29,7,0.2413793103448276,4.142857142857142,"Yin, Henry",Full,Professor of Psychology and Neuroscience,https://scholars.duke.edu/person/hy43
Natural Sciences,Psychology & Neuroscience,29,7,0.2413793103448276,4.142857142857142,"McHenry, Jenna Ann",Assistant,Assistant Professor of Psychology and Neuroscience,https://scholars.duke.edu/person/JENNA.MCHENRY
Natural Sciences,Psychology & Neuroscience,29,7,0.2413793103448276,4.142857142857142,"Craig, Maureen Alyson",Associate,Associate Professor of Psychology and Neuroscience,https://scholars.duke.edu/person/maureen.craig
Natural Sciences,Psychology & Neuroscience,29,7,0.2413793103448276,4.142857142857142,"Kushnir, Tamar",Full,Professor of Psychology and Neuroscience,https://scholars.duke.edu/person/TAMAR.KUSHNIR
Natural Sciences,Psychology & Neuroscience,29,7,0.2413793103448276,4.142857142857142,"Groh, Jennifer M.",Full,Professor of Psychology and Neuroscience,https://scholars.duke.edu/person/jennifer.m.groh
Natural Sciences,Psychology & Neuroscience,29,7,0.2413793103448276,4.142857142857142,"Tomasello, Michael",Full,Professor in the Department of Psychology and Neuroscience,https://scholars.duke.edu/person/michael.tomasello
Humanities,Religious Studies,9,2,0.2222222222222222,4.5,"Hassan, Mona",Associate,Associate Professor of Religious Studies,https://scholars.duke.edu/person/mona.hassan
Humanities,Religious Studies,9,2,0.2222222222222222,4.5,"Sun, Anna",Associate,Associate Professor of Religious Studies,https://scholars.duke.edu/person/Anna.Sun
Humanities,Romance Studies,18,4,0.2222222222222222,4.5,"Quesada, Sarah",Associate,Associate Professor of Romance Studies,https://scholars.duke.edu/person/Sarah.Quesada
Humanities,Romance Studies,18,4,0.2222222222222222,4.5,"Rodríguez García, José María",Associate,Associate Professor of Romance Studies,https://scholars.duke.edu/person/jose.rodriguez-garcia
Humanities,Romance Studies,18,4,0.2222222222222222,4.5,"Vilches, Elvira L",Associate,Associate Professor of Romance Studies,https://scholars.duke.edu/person/elvira.vilches
Humanities,Romance Studies,18,4,0.2222222222222222,4.5,"Driscoll, Kate",Assistant,Assistant Professor of Romance Studies,https://scholars.duke.edu/person/kate.driscoll
Humanities,Slavic & Eurasian Studies,3,2,0.6666666666666666,1.5,"Flaherty, Jennifer",Assistant,Assistant Professor of Slavic & Eurasian Studies,https://scholars.duke.edu/person/jennifer.flaherty
Humanities,Slavic & Eurasian Studies,3,2,0.6666666666666666,1.5,"Andrews, Edna",Full,Professor of Slavic Languages and Literature,https://scholars.duke.edu/person/eda
Social Sciences,Sociology,20,5,0.25,4,"Streib, Jessi",Full,Professor of Sociology,https://scholars.duke.edu/person/jessi.streib
Social Sciences,Sociology,20,5,0.25,4,"Harris, Angel Luis",Full,Professor in the Department of Sociology,https://scholars.duke.edu/person/angel.harris
Social Sciences,Sociology,20,5,0.25,4,"Bail, Christopher Andrew",Full,Professor of Sociology,https://scholars.duke.edu/person/christopher.bail
Social Sciences,Sociology,20,5,0.25,4,"Keister, Lisa A.",Full,Professor of Sociology,https://scholars.duke.edu/person/lkeister
Social Sciences,Sociology,20,5,0.25,4,"Rawlings, Craig Michael",Associate,Associate Professor of Sociology,https://scholars.duke.edu/person/craig.rawlings
Natural Sciences,Statistical Science,17,4,0.23529411764705882,4.25,"Li, Fan",Full,Professor of Statistical Science,https://scholars.duke.edu/person/fli
Natural Sciences,Statistical Science,17,4,0.23529411764705882,4.25,"Volfovsky, Alexander",Associate,Associate Professor of Statistical Science,https://scholars.duke.edu/person/alexander.volfovsky
Natural Sciences,Statistical Science,17,4,0.23529411764705882,4.25,"Schmidler, Scott C.",Associate,Associate Professor of Statistical Science,https://scholars.duke.edu/person/scott.schmidler
Natural Sciences,Statistical Science,17,4,0.23529411764705882,4.25,"Reiter, Jerome P.",Full,Professor of Statistical Science,https://scholars.duke.edu/person/jerry
Humanities,Theater Studies,4,2,0.5,2,"Donovan, Ryan M",Assistant,Assistant Professor of Theater Studies,https://scholars.duke.edu/person/Ryan.Donovan
Humanities,Theater Studies,4,2,0.5,2,"Gobert, R. Darren",Full,Professor of Theater Studies,https://scholars.duke.edu/person/Robert.Gobert
