dept,division,M_i,flag,roster_source_url
"Art, Art History & Visual Studies",Humanities,11,,https://scholars.duke.edu/widgets/api/v0.9/organizations/people/all.json?uri=https://scholars.duke.edu/individual/org50000491
Asian & Middle Eastern Studies,Humanities,14,,https://scholars.duke.edu/widgets/api/v0.9/organizations/people/all.json?uri=https://scholars.duke.edu/individual/org50000491
Classical Studies,Humanities,11,,https://scholars.duke.edu/widgets/api/v0.9/organizations/people/all.json?uri=https://scholars.duke.edu/individual/org50000491
English,Humanities,22,,https://scholars.duke.edu/widgets/api/v0.9/organizations/people/all.json?uri=https://scholars.duke.edu/individual/org50000491
German Studies,Humanities,6,,https://scholars.duke.edu/widgets/api/v0.9/organizations/people/all.json?uri=https://scholars.duke.edu/individual/org50000491
Literature,Humanities,15,,https://scholars.duke.edu/widgets/api/v0.9/organizations/people/all.json?uri=https://scholars.duke.edu/individual/org50000491
Music,Humanities,11,,https://scholars.duke.edu/widgets/api/v0.9/organizations/people/all.json?uri=https://scholars.duke.edu/individual/org50000491
Philosophy,Humanities,15,,https://scholars.duke.edu/widgets/api/v0.9/organizations/people/all.json?uri=https://scholars.duke.edu/individual/org50000491
Religious Studies,Humanities,9,,https://scholars.duke.edu/widgets/api/v0.9/organizations/people/all.json?uri=https://scholars.duke.edu/individual/org50000491
Romance Studies,Humanities,18,,https://scholars.duke.edu/widgets/api/v0.9/organizations/people/all.json?uri=https://scholars.duke.edu/individual/org50000491
Slavic & Eurasian Studies,Humanities,3,,https://scholars.duke.edu/widgets/api/v0.9/organizations/people/all.json?uri=https://scholars.duke.edu/individual/org50000491
Theater Studies,Humanities,4,,https://scholars.duke.edu/widgets/api/v0.9/organizations/people/all.json?uri=https://scholars.duke.edu/individual/org50000491
Biology,Natural Sciences,40,,https://scholars.duke.edu/widgets/api/v0.9/organizations/people/all.json?uri=https://scholars.duke.edu/individual/org50000491
Chemistry,Natural Sciences,20,,https://scholars.duke.edu/widgets/api/v0.9/organizations/people/all.json?uri=https://scholars.duke.edu/individual/org50000491
Computer Science,Natural Sciences,28,,https://scholars.duke.edu/widgets/api/v0.9/organizations/people/all.json?uri=https://scholars.duke.edu/individual/org50000491
Evolutionary Anthropology,Natural Sciences,10,,https://scholars.duke.edu/widgets/api/v0.9/organizations/people/all.json?uri=https://scholars.duke.edu/individual/org50000491
Mathematics,Natural Sciences,33,,https://scholars.duke.edu/widgets/api/v0.9/organizations/people/all.json?uri=https://scholars.duke.edu/individual/org50000491
Physics,Natural Sciences,31,,https://scholars.duke.edu/widgets/api/v0.9/organizations/people/all.json?uri=https://scholars.duke.edu/individual/org50000491
Psychology & Neuroscience,Natural Sciences,29,cross-listed by Trinity in Natural AND Social Sciences,https://scholars.duke.edu/widgets/api/v0.9/organizations/people/all.json?uri=https://scholars.duke.edu/individual/org50000491
Statistical Science,Natural Sciences,17,,https://scholars.duke.edu/widgets/api/v0.9/organizations/people/all.json?uri=https://scholars.duke.edu/individual/org50000491
African & African American Studies,Social Sciences,7,,https://scholars.duke.edu/widgets/api/v0.9/organizations/people/all.json?uri=https://scholars.duke.edu/individual/org50000491
Cultural Anthropology,Social Sciences,12,,https://scholars.duke.edu/widgets/api/v0.9/organizations/people/all.json?uri=https://scholars.duke.edu/individual/org50000491
Economics,Social Sciences,47,,https://scholars.duke.edu/widgets/api/v0.9/organizations/people/all.json?uri=https://scholars.duke.edu/individual/org50000491
"Gender, Sexuality & Feminist Studies",Social Sciences,7,,https://scholars.duke.edu/widgets/api/v0.9/organizations/people/all.json?uri=https://scholars.duke.edu/individual/org50000491
History,Social Sciences,26,,https://scholars.duke.edu/widgets/api/v0.9/organizations/people/all.json?uri=https://scholars.duke.edu/individual/org50000491
Political Science,Social Sciences,29,,https://scholars.duke.edu/widgets/api/v0.9/organizations/people/all.json?uri=https://scholars.duke.edu/individual/org50000491
Sociology,Social Sciences,20,,https://scholars.duke.edu/widgets/api/v0.9/organizations/people/all.json?uri=https://scholars.duke.edu/individual/org50000491
