name,dept,M_h,n_h,pi,w,profile_url
"Li, Stephanie",African & African American Studies,7,2,0.2857142857142857,3.5,https://scholars.duke.edu/person/stephanie.li
"Royal, Charmaine DM",African & African American Studies,7,2,0.2857142857142857,3.5,https://scholars.duke.edu/person/charmaine.royal
"Lucento, Angelina","Art, Art History & Visual Studies",11,3,0.2727272727272727,3.666666666666667,https://scholars.duke.edu/person/angelina.lucento
"Dillon, Sheila","Art, Art History & Visual Studies",11,3,0.2727272727272727,3.666666666666667,https://scholars.duke.edu/person/sheila.dillon
"Weisenfeld, Gennifer","Art, Art History & Visual Studies",11,3,0.2727272727272727,3.666666666666667,https://scholars.duke.edu/person/gennifer.weisenfeld
"Safi, Omid",Asian & Middle Eastern Studies,14,3,0.21428571428571427,4.666666666666667,https://scholars.duke.edu/person/omid.safi
"Rojas, Carlos",Asian & Middle Eastern Studies,14,3,0.21428571428571427,4.666666666666667,https://scholars.duke.edu/person/c.rojas
"McLarney, Ellen",Asian & Middle Eastern Studies,14,3,0.21428571428571427,4.666666666666667,https://scholars.duke.edu/person/ellenmc
"Roth, V. Louise",Biology,40,10,0.25,4,https://scholars.duke.edu/person/vlroth
"Baugh, L. Ryan",Biology,40,10,0.25,4,https://scholars.duke.edu/person/ryan.baugh
"Alberts, Susan C.",Biology,40,10,0.25,4,https://scholars.duke.edu/person/alberts
"Silva, Gustavo M.",Biology,40,10,0.25,4,https://scholars.duke.edu/person/Gustavo.Monteiro.Silva
"Gibert, Jean Philippe",Biology,40,10,0.25,4,https://scholars.duke.edu/person/Jean.Gibert
"Manos, Paul S.",Biology,40,10,0.25,4,https://scholars.duke.edu/person/pmanos
"Sherwood, David R.",Biology,40,10,0.25,4,https://scholars.duke.edu/person/david.sherwood
"Yoder, Anne Daphne",Biology,40,10,0.25,4,https://scholars.duke.edu/person/anne.yoder
"Johnsen, Sonke",Biology,40,10,0.25,4,https://scholars.duke.edu/person/sjohnsen
"Carreira-Rosario, Arnaldo",Biology,40,10,0.25,4,https://scholars.duke.edu/person/Arnaldo.Carreira_Rosario
"Hong, Jiyong",Chemistry,20,5,0.25,4,https://scholars.duke.edu/person/jiyong.hong
"Moreno-Hernandez, Ivan A.",Chemistry,20,5,0.25,4,https://scholars.duke.edu/person/ivan.moreno-hernandez
"Derbyshire, Emily R.",Chemistry,20,5,0.25,4,https://scholars.duke.edu/person/emily.derbyshire
"Yang, Weitao",Chemistry,20,5,0.25,4,https://scholars.duke.edu/person/weitao.yang
"Warren,  S.",Chemistry,20,5,0.25,4,https://scholars.duke.edu/person/warren.warren
"Jiménez, Alicia",Classical Studies,11,3,0.2727272727272727,3.666666666666667,https://scholars.duke.edu/person/alicia.jimenez
"Casias, Cassandra",Classical Studies,11,3,0.2727272727272727,3.666666666666667,https://scholars.duke.edu/person/c.casias
"González, José M.",Classical Studies,11,3,0.2727272727272727,3.666666666666667,https://scholars.duke.edu/person/jose.gonzalez
"Rossman, Benjamin",Computer Science,28,7,0.25,4,https://scholars.duke.edu/person/Benjamin.Rossman
"Agarwal, Pankaj K.",Computer Science,28,7,0.25,4,https://scholars.duke.edu/person/pankaj
"Yang, Xiaowei",Computer Science,28,7,0.25,4,https://scholars.duke.edu/person/xiaowei.yang
"Hartemink, Alexander J.",Computer Science,28,7,0.25,4,https://scholars.duke.edu/person/amink
"Dhingra, Bhuwan",Computer Science,28,7,0.25,4,https://scholars.duke.edu/person/bhuwan.dhingra
"Calderbank, Robert",Computer Science,28,7,0.25,4,https://scholars.duke.edu/person/robert.calderbank
"Munagala, Kamesh",Computer Science,28,7,0.25,4,https://scholars.duke.edu/person/kamesh
"Rogers, Emily",Cultural Anthropology,12,3,0.25,4,https://scholars.duke.edu/person/emily.rogers
"Baker, Lee D.",Cultural Anthropology,12,3,0.25,4,https://scholars.duke.edu/person/ldbaker
"Canada, Tracie",Cultural Anthropology,12,3,0.25,4,https://scholars.duke.edu/person/tracie.canada
"Roberts, James W.",Economics,47,11,0.23404255319148937,4.2727272727272725,https://scholars.duke.edu/person/j.roberts
"Kehrig, Matthias",Economics,47,11,0.23404255319148937,4.2727272727272725,https://scholars.duke.edu/person/matthias.kehrig
"Collard-Wexler, Allan",Economics,47,11,0.23404255319148937,4.2727272727272725,https://scholars.duke.edu/person/allan.collard.wexler
"Kuran, Timur",Economics,47,11,0.23404255319148937,4.2727272727272725,https://scholars.duke.edu/person/t.kuran
"Walker, Christopher D",Economics,47,11,0.23404255319148937,4.2727272727272725,https://scholars.duke.edu/person/Christopher.Walker2
"Castillo Martinez, Laura",Economics,47,11,0.23404255319148937,4.2727272727272725,https://scholars.duke.edu/person/Laura.Castillo-Martinez
"Pilossoph, Laura",Economics,47,11,0.23404255319148937,4.2727272727272725,https://scholars.duke.edu/person/Laura.Pilossoph
"Xiao, Pengpeng",Economics,47,11,0.23404255319148937,4.2727272727272725,https://scholars.duke.edu/person/Pengpeng.Xiao
"Lanteri, Andrea",Economics,47,11,0.23404255319148937,4.2727272727272725,https://scholars.duke.edu/person/andrea.lanteri
"Bayer, Patrick",Economics,47,11,0.23404255319148937,4.2727272727272725,https://scholars.duke.edu/person/patrick.bayer
"Bykhovskaya, Anna",Economics,47,11,0.23404255319148937,4.2727272727272725,https://scholars.duke.edu/person/Anna.Bykhovskaya
"Nguyen, Marguerite B",English,22,5,0.22727272727272727,4.4,https://scholars.duke.edu/person/marguerite.nguyen
"Torgovnick, Marianna",English,22,5,0.22727272727272727,4.4,https://scholars.duke.edu/person/tor
"Stan, Corina M",English,22,5,0.22727272727272727,4.4,https://scholars.duke.edu/person/corina.stan
"Ferraro, Thomas J.",English,22,5,0.22727272727272727,4.4,https://scholars.duke.edu/person/ferraro
"Khanna, Ranjana",English,22,5,0.22727272727272727,4.4,https://scholars.duke.edu/person/rkhanna
"Drea, Christine M.",Evolutionary Anthropology,10,2,0.2,5,https://scholars.duke.edu/person/cdrea
"Hare, Brian",Evolutionary Anthropology,10,2,0.2,5,https://scholars.duke.edu/person/b.hare
"Lane, Nikki","Gender, Sexuality & Feminist Studies",7,2,0.2857142857142857,3.5,https://scholars.duke.edu/person/nikki.lane
"Hasso, Frances S.","Gender, Sexuality & Feminist Studies",7,2,0.2857142857142857,3.5,https://scholars.duke.edu/person/frances.hasso
"Norberg, Jakob",German Studies,6,2,0.3333333333333333,3,https://scholars.duke.edu/person/jakob.norberg
"Gellen, Kata",German Studies,6,2,0.3333333333333333,3,https://scholars.duke.edu/person/kata.gellen
"Martin, John Jeffries",History,26,6,0.23076923076923078,4.333333333333333,https://scholars.duke.edu/person/john.j.martin
"French, John D.",History,26,6,0.23076923076923078,4.333333333333333,https://scholars.duke.edu/person/jdfrench
"Balakrishnan, Sarah",History,26,6,0.23076923076923078,4.333333333333333,https://scholars.duke.edu/person/Sarah.Balakrishnan
"Leroy, Justin",History,26,6,0.23076923076923078,4.333333333333333,https://scholars.duke.edu/person/justin.leroy
"Sigal, Peter",History,26,6,0.23076923076923078,4.333333333333333,https://scholars.duke.edu/person/peter.sigal
"Olcott, Jocelyn",History,26,6,0.23076923076923078,4.333333333333333,https://scholars.duke.edu/person/olcott
"Moi, Toril",Literature,15,4,0.26666666666666666,3.75,https://scholars.duke.edu/person/toril
"Hadjioannou, Markos",Literature,15,4,0.26666666666666666,3.75,https://scholars.duke.edu/person/markos.hadjioannou
"Dainotto, Roberto Maria",Literature,15,4,0.26666666666666666,3.75,https://scholars.duke.edu/person/dainotto
"Kronfeld, Maya",Literature,15,4,0.26666666666666666,3.75,https://scholars.duke.edu/person/maya.kronfeld
"Cheng, Xiuyuan",Mathematics,33,8,0.24242424242424243,4.125,https://scholars.duke.edu/person/Xiuyuan.Cheng
"Robles, Colleen M",Mathematics,33,8,0.24242424242424243,4.125,https://scholars.duke.edu/person/robles
"Levine, Adam S.",Mathematics,33,8,0.24242424242424243,4.125,https://scholars.duke.edu/person/adam.levine
"Rabinoff, Joseph D",Mathematics,33,8,0.24242424242424243,4.125,https://scholars.duke.edu/person/Joseph.Rabinoff
"Saper, Leslie",Mathematics,33,8,0.24242424242424243,4.125,https://scholars.duke.edu/person/saper
"Ng, Lenhard Lee",Mathematics,33,8,0.24242424242424243,4.125,https://scholars.duke.edu/person/ng
"Dasgupta, Samit",Mathematics,33,8,0.24242424242424243,4.125,https://scholars.duke.edu/person/samit.dasgupta
"Kiselev, Alexander A.",Mathematics,33,8,0.24242424242424243,4.125,https://scholars.duke.edu/person/alexander.kiselev
"Stoia, Nicholas",Music,11,3,0.2727272727272727,3.666666666666667,https://scholars.duke.edu/person/nicholas.stoia
"Lindroth, Scott A.",Music,11,3,0.2727272727272727,3.666666666666667,https://scholars.duke.edu/person/scott.lindroth
"Meintjes, Louise",Music,11,3,0.2727272727272727,3.666666666666667,https://scholars.duke.edu/person/meintjes
"Brading, Katherine A.",Philosophy,15,4,0.26666666666666666,3.75,https://scholars.duke.edu/person/katherine.brading
"Rosenberg, Alexander",Philosophy,15,4,0.26666666666666666,3.75,https://scholars.duke.edu/person/alexrose
"Ásta,",Philosophy,15,4,0.26666666666666666,3.75,https://scholars.duke.edu/person/Asta.Sveinsdottir
"Norman, Wayne John",Philosophy,15,4,0.26666666666666666,3.75,https://scholars.duke.edu/person/wayne.norman
"Cetina, Marko",Physics,31,8,0.25806451612903225,3.875,https://scholars.duke.edu/person/Marko.Cetina
"Walter, Christopher",Physics,31,8,0.25806451612903225,3.875,https://scholars.duke.edu/person/chris.walter
"Scolnic, Daniel M.",Physics,31,8,0.25806451612903225,3.875,https://scholars.duke.edu/person/dscolnic
"Wu, Ying",Physics,31,8,0.25806451612903225,3.875,https://scholars.duke.edu/person/wu
"Chandrasekharan, Shailesh",Physics,31,8,0.25806451612903225,3.875,https://scholars.duke.edu/person/sch
"Plesser, M. Ronen",Physics,31,8,0.25806451612903225,3.875,https://scholars.duke.edu/person/plesser
"Liu, Jian-Guo",Physics,31,8,0.25806451612903225,3.875,https://scholars.duke.edu/person/jian-guo.liu
"Springer, Roxanne P.",Physics,31,8,0.25806451612903225,3.875,https://scholars.duke.edu/person/rps
"Knight, Jack",Political Science,29,7,0.2413793103448276,4.142857142857142,https://scholars.duke.edu/person/knight
"Anoll, Allison P",Political Science,29,7,0.2413793103448276,4.142857142857142,https://scholars.duke.edu/person/allison.anoll
"Haynie, Kerry L.",Political Science,29,7,0.2413793103448276,4.142857142857142,https://scholars.duke.edu/person/klhaynie
"Niou, Emerson S.",Political Science,29,7,0.2413793103448276,4.142857142857142,https://scholars.duke.edu/person/niou
"de Marchi, Scott",Political Science,29,7,0.2413793103448276,4.142857142857142,https://scholars.duke.edu/person/scott.demarchi
"Garfias, Francisco",Political Science,29,7,0.2413793103448276,4.142857142857142,https://scholars.duke.edu/person/f.garfias
"Leventoglu, Bahar",Political Science,29,7,0.2413793103448276,4.142857142857142,https://scholars.duke.edu/person/bahar.leventoglu
"Hariri, Ahmad",Psychology & Neuroscience,29,7,0.2413793103448276,4.142857142857142,https://scholars.duke.edu/person/ahmad.hariri
"Yin, Henry",Psychology & Neuroscience,29,7,0.2413793103448276,4.142857142857142,https://scholars.duke.edu/person/hy43
"McHenry, Jenna Ann",Psychology & Neuroscience,29,7,0.2413793103448276,4.142857142857142,https://scholars.duke.edu/person/JENNA.MCHENRY
"Craig, Maureen Alyson",Psychology & Neuroscience,29,7,0.2413793103448276,4.142857142857142,https://scholars.duke.edu/person/maureen.craig
"Kushnir, Tamar",Psychology & Neuroscience,29,7,0.2413793103448276,4.142857142857142,https://scholars.duke.edu/person/TAMAR.KUSHNIR
"Groh, Jennifer M.",Psychology & Neuroscience,29,7,0.2413793103448276,4.142857142857142,https://scholars.duke.edu/person/jennifer.m.groh
"Tomasello, Michael",Psychology & Neuroscience,29,7,0.2413793103448276,4.142857142857142,https://scholars.duke.edu/person/michael.tomasello
"Hassan, Mona",Religious Studies,9,2,0.2222222222222222,4.5,https://scholars.duke.edu/person/mona.hassan
"Sun, Anna",Religious Studies,9,2,0.2222222222222222,4.5,https://scholars.duke.edu/person/Anna.Sun
"Quesada, Sarah",Romance Studies,18,4,0.2222222222222222,4.5,https://scholars.duke.edu/person/Sarah.Quesada
"Rodríguez García, José María",Romance Studies,18,4,0.2222222222222222,4.5,https://scholars.duke.edu/person/jose.rodriguez-garcia
"Vilches, Elvira L",Romance Studies,18,4,0.2222222222222222,4.5,https://scholars.duke.edu/person/elvira.vilches
"Driscoll, Kate",Romance Studies,18,4,0.2222222222222222,4.5,https://scholars.duke.edu/person/kate.driscoll
"Flaherty, Jennifer",Slavic & Eurasian Studies,3,2,0.6666666666666666,1.5,https://scholars.duke.edu/person/jennifer.flaherty
"Andrews, Edna",Slavic & Eurasian Studies,3,2,0.6666666666666666,1.5,https://scholars.duke.edu/person/eda
"Streib, Jessi",Sociology,20,5,0.25,4,https://scholars.duke.edu/person/jessi.streib
"Harris, Angel Luis",Sociology,20,5,0.25,4,https://scholars.duke.edu/person/angel.harris
"Bail, Christopher Andrew",Sociology,20,5,0.25,4,https://scholars.duke.edu/person/christopher.bail
"Keister, Lisa A.",Sociology,20,5,0.25,4,https://scholars.duke.edu/person/lkeister
"Rawlings, Craig Michael",Sociology,20,5,0.25,4,https://scholars.duke.edu/person/craig.rawlings
"Li, Fan",Statistical Science,17,4,0.23529411764705882,4.25,https://scholars.duke.edu/person/fli
"Volfovsky, Alexander",Statistical Science,17,4,0.23529411764705882,4.25,https://scholars.duke.edu/person/alexander.volfovsky
"Schmidler, Scott C.",Statistical Science,17,4,0.23529411764705882,4.25,https://scholars.duke.edu/person/scott.schmidler
"Reiter, Jerome P.",Statistical Science,17,4,0.23529411764705882,4.25,https://scholars.duke.edu/person/jerry
"Donovan, Ryan M",Theater Studies,4,2,0.5,2,https://scholars.duke.edu/person/Ryan.Donovan
"Gobert, R. Darren",Theater Studies,4,2,0.5,2,https://scholars.duke.edu/person/Robert.Gobert
