department	n_faculty
African & African American Studies	55
Air Force Reserve Officer Training Corps (ROTC)	4
Anesthesiology	1
Anesthesiology, Neuroanesthesia	1
Army Reserve Officer Training Corps (ROTC)	5
Art, Art History & Visual Studies	58
Asian & Middle Eastern Studies	51
Asian Pacific Studies Institute	7
Basic Science Departments	13
Biochemistry	14
Biology	101
Biomedical Engineering	27
Biostatistics & Bioinformatics	10
Biostatistics & Bioinformatics, Division of Biostatistics	14
Biostatistics & Bioinformatics, Division of Integrative Genomics	8
Biostatistics & Bioinformatics, Division of Translational Biomedical	7
Cell Biology	23
Center for Child and Family Policy	37
Center for Cognitive Neuroscience	19
Center for Documentary Studies	5
Center for Population Health & Aging	17
Center for the Study of Aging and Human Development	6
Center on Genomics, Race, Identity, Difference	1
Chemistry	59
Cinematic Arts	15
Civil and Environmental Engineering	11
Classical Studies	21
Communication Sciences	1
Computational Media, Arts & Cultures	10
Computer Science	94
Cultural Anthropology	39
DKU Faculty	9
Dance Program	21
DeWitt Wallace Center for Media and Democracy	1
Divinity School	12
Duke Cancer Institute	45
Duke Center for International Development	20
Duke Center for Teaching and Learning	2
Duke Clinical Research Institute	8
Duke Global Health Institute	37
Duke Institute for Brain Sciences	90
Duke Lemur Center	1
Duke Molecular Physiology Institute	1
Duke Network Analysis Center	1
Duke Population Research Center	38
Duke Population Research Institute	3
Duke Quantum Center	16
Duke Regeneration Center	7
Duke Science & Society	98
Duke University	31
Duke University Libraries	1
Duke-Margolis Institute for Health Policy	9
Duke-UNC Brain Imaging and Analysis Center	15
Earth and Climate Sciences	9
Economics	115
Education	23
Education Program	23
Engineering Graduate and Professional Programs	1
English	60
Environmental Natural Science	9
Environmental Social Systems	9
Evolutionary Anthropology	36
FOCUS Program	2
Family Medicine and Community Health	5
Family Medicine and Community Health, Community Health	3
Family Medicine and Community Health, Family Medicine	1
Family Medicine and Community Health, Physician Assistant Program	1
Fuqua School of Business	44
Gender, Sexuality & Feminist Studies	74
German Studies	22
Graduate School	6
Head and Neck Surgery & Communication Sciences	2
History	77
Information Science + Studies	2
Innovation & Entrepreneurship	25
Institutes and Centers	5
Integrative Immunobiology	3
Interdisciplinary Studies at DKU Unit	2
International Comparative Studies	27
John Hope Franklin Humanities Institute	21
Kenan Institute for Ethics	13
Linguistics	18
Literature	32
Marine Science and Conservation	18
Markets & Management Studies	7
Master in Interdisciplinary Data Science	1
Masters of Fine Arts in Experimental and Documentary Arts	5
Mathematics	107
Medicine	8
Medicine, Cardiology	4
Medicine, Endocrinology, Metabolism, and Nutrition	1
Medicine, Gastroenterology	1
Medicine, General Internal Medicine	4
Medicine, Geriatrics and Palliative Care	1
Medicine, Hospital Medicine	1
Medicine, Infectious Diseases	1
Medicine, Medical Genetics	1
Medicine, Nephrology	1
Medicine, Rheumatology and Immunology	1
Molecular Genetics and Microbiology	8
Music	67
Neurobiology	26
Neurology	3
Neurology, Behavioral Neurology	3
Neurology, Comprehensive Neurology	1
Neurology, Epilepsy and Sleep	1
Neurology, Stroke and Vascular Neurology	2
Neurology, Translational Brain Sciences	2
Neurosurgery	3
Nicholas School of the Environment	36
Obstetrics and Gynecology	1
Ophthalmology	1
Ophthalmology, Corneal Diseases	1
Orthopaedic Surgery	3
Orthopaedic Surgery, Occupational Therapy	1
Orthopaedic Surgery, Physical Therapy	3
Pathology	3
Pediatrics	6
Pediatrics, Children's Health Discovery Institute	1
Pediatrics, General Pediatrics and Adolescent Health	2
Pediatrics, Neonatology	1
Pharmacology & Cancer Biology	7
Philosophy	37
Physics	84
Pierre R. Lamond Department of Electrical and Computer Engineering	64
Political Science	61
Population Health Sciences	3
Pratt School of Engineering	22
Psychiatry & Behavioral Sciences	53
Psychiatry & Behavioral Sciences, Adult Psychiatry & Psychology	6
Psychiatry & Behavioral Sciences, Behavioral Medicine & Neurosciences	27
Psychiatry, Child & Family Mental Health & Community Psychiatry	23
Psychology & Neuroscience	132
Radiation Oncology	2
Radiology	8
Religious Studies	33
Rhodes Information Initiative at Duke	8
Romance Studies	83
Sanford School of Public Policy	81
School of Law	21
School of Medicine	4
School of Nursing	6
Slavic & Eurasian Studies	20
Social Science Research Institute	31
Sociology	63
Sperling Center for Jewish Studies	4
Statistical Science	53
Surgery	1
Surgery, Surgical Sciences	1
The Precision Medicine Program	1
Theater Studies	36
Thomas Lord Department of Mechanical Engineering and Materials Science	26
Trent Center for Bioethics, Humanities & History of Medicine	9
Trinity College of Arts & Sciences	84
University Initiatives & Academic Support Units	59
University Institutes and Centers	4
Writing and Rhetoric Program	44
